District,16-01-2021,17-01-2021,18-01-2021,19-01-2021,20-01-2021,21-01-2021,22-01-2021,23-01-2021,24-01-2021,25-01-2021,26-01-2021,27-01-2021,28-01-2021,29-01-2021,30-01-2021,31-01-2021,Mean Vaccination
Nicobars,745.0,745,745,745.0,745.0,746,746,809,828,923,923,989.0,989,1004,1004,1030,857.0
North and Middle Andaman,1496.0,1496,1496,1496.0,1496.0,1597,1758,1793,1793,1831,1831,1831.0,1886,1886,1922,2080,1730.0
South Andaman,6028.0,6028,5719,5986.0,6125.0,6207,7193,8092,9777,10297,10297,10432.0,10579,10674,10683,10684,8425.0
Anantapur,20781.0,20781,20745,21005.0,21301.0,21859,22488,22766,22796,25439,28800,31251.0,32201,32750,33303,33303,25723.0
Chittoor,26285.0,26294,24319,25642.0,26873.0,28306,30695,32585,32953,33952,34071,35106.0,35809,42087,44799,47304,32942.0
East Godavari,23819.0,23833,23806,24086.0,24167.0,24299,25692,26756,27591,30977,34133,39803.0,41112,42908,43512,43523,31251.0
Guntur,25859.0,25859,25688,25936.0,26583.0,26730,27330,27987,29444,35564,36176,37400.0,38619,40285,42372,42644,32155.0
Krishna,31419.0,31330,29232,30849.0,31381.0,32787,35277,36598,37193,38729,39510,44846.0,46933,48047,49468,49625,38326.0
Kurnool,18219.0,18220,18217,18520.0,19337.0,19898,20537,21376,21430,22360,23409,24754.0,28365,30923,32156,32846,23160.0
Prakasam,13015.0,13015,12912,13343.0,14032.0,14641,15016,15304,15534,16242,18331,20241.0,20930,21321,23248,23248,16898.0
S.P.S. Nellore,16944.0,16944,16816,17301.0,18342.0,20518,21451,22115,22852,25019,25455,30334.0,32537,33468,34559,34559,24326.0
Srikakulam,16335.0,16335,16302,16599.0,16790.0,17242,17555,17872,17907,26017,27168,27932.0,28575,28946,29296,29322,21887.0
Visakhapatnam,41378.0,41491,41309,42785.0,43285.0,43885,45078,45744,45756,47328,50213,53404.0,55710,56803,57563,57680,48088.0
Vizianagaram,9997.0,9997,9790,10286.0,10559.0,10800,11099,11808,12084,13453,14074,14660.0,14929,15214,15883,17241,12617.0
West Godavari,16906.0,16906,16956,18000.0,18716.0,19085,19488,19861,20724,21479,21655,28062.0,29804,30393,30932,30932,22494.0
Y.S.R. Kadapa,16066.0,16066,16122,16279.0,17086.0,18684,19403,19755,20856,22335,22364,23070.0,23410,23580,24498,29094,20542.0
Anjaw,411.0,410,379,379.0,379.0,449,494,498,519,632,645,664.0,710,713,720,720,545.0
Changlang,4513.0,4513,4532,4532.0,4576.0,4615,4695,4695,4695,4698,4730,4734.0,4913,4937,4938,4938,4703.0
Upper Dibang Valley,136.0,136,136,136.0,136.0,258,258,258,258,331,331,331.0,331,467,467,524,281.0
East Kameng,553.0,553,532,541.0,541.0,541,602,627,627,652,660,709.0,785,836,836,843,652.0
East Siang,1894.0,1894,1936,1936.0,1936.0,2010,2047,2052,2052,2214,2214,2224.0,2325,2394,2394,2398,2120.0
Papum Pare,2035.0,2068,2064,2064.0,2064.0,2116,2228,2228,2229,2233,2233,2233.0,2233,2287,2317,2317,2184.0
Kamle,390.0,390,390,390.0,390.0,359,371,391,391,400,400,400.0,400,403,403,468,396.0
Kra Daadi,370.0,376,293,293.0,293.0,301,365,365,366,400,400,400.0,400,400,400,439,366.0
Kurung Kumey,788.0,653,654,659.0,659.0,682,698,701,701,735,735,735.0,735,737,787,787,715.0
Lepa Rada,1617.0,1617,1586,1586.0,1587.0,1587,1590,1590,1590,1625,1625,1641.0,1659,1659,1659,1681,1619.0
Lohit,3021.0,3019,2922,2925.0,2926.0,2830,2830,2843,2844,2898,2899,2900.0,2919,2933,2933,2933,2911.0
Longding,1696.0,1696,1654,1664.0,1664.0,1664,1682,1737,1737,1737,1737,1740.0,1748,1748,1806,1806,1720.0
Lower Dibang Valley,795.0,795,758,758.0,758.0,762,778,778,778,833,861,939.0,957,1137,1150,1244,880.0
Lower Siang,871.0,765,765,765.0,765.0,765,765,765,765,765,770,782.0,789,793,793,793,780.0
Lower Subansiri,827.0,827,827,827.0,827.0,827,827,827,827,942,942,946.0,947,1066,1066,1067,901.0
Namsai,1459.0,1459,1437,1437.0,1437.0,1476,1537,1545,1545,1558,1604,1604.0,1608,1693,1697,1697,1550.0
Pakke Kessang,326.0,326,326,326.0,327.0,368,368,370,370,384,384,385.0,422,453,453,453,378.0
Papum Pare,7482.0,7482,6878,6955.0,6968.0,6974,7062,7085,7085,7127,7212,7215.0,7233,7306,7308,7313,7168.0
Shi Yomi,273.0,273,273,,,252,263,263,263,263,263,263.0,279,292,300,300,273.0
Siang,282.0,282,282,263.0,263.0,336,346,346,346,346,347,347.0,398,408,422,422,340.0
Tawang,1752.0,1753,1728,1728.0,1754.0,1758,1821,2355,2589,2590,2602,2602.0,2625,2669,2747,2751,2239.0
Tirap,3456.0,3456,3105,3105.0,3105.0,3125,3129,3211,3340,3397,3398,3408.0,3531,3555,3555,3561,3340.0
Upper Siang,535.0,535,525,525.0,525.0,525,525,525,525,534,535,545.0,549,549,581,581,539.0
Upper Subansiri,736.0,737,737,737.0,737.0,862,1034,1042,1042,1042,1048,1085.0,1189,1246,1682,1682,1040.0
West Kameng,4097.0,4109,3494,3494.0,3497.0,3497,3575,3608,3766,3779,3779,3779.0,3809,3879,3879,3879,3745.0
West Siang,2345.0,2345,1979,1981.0,1982.0,2014,2400,2401,2401,2431,2431,2431.0,2462,2462,2544,2571,2324.0
Baksa,3205.0,3205,3205,3238.0,3238.0,3246,3298,3298,3354,3408,3408,3408.0,3479,3568,3579,3579,3357.0
Barpeta,7056.0,7056,6173,6593.0,7319.0,7347,7854,7974,7974,8086,8086,8172.0,8362,8501,8510,8510,7723.0
Biswanath,3119.0,3119,3100,3160.0,3457.0,3459,3511,3793,3795,4080,4080,4080.0,4136,4187,4231,4231,3721.0
Bongaigaon,4880.0,4880,4655,4815.0,4815.0,4832,4847,4996,4997,5084,5084,5084.0,5132,5191,5200,5200,4981.0
Cachar,13482.0,13561,13351,13671.0,13671.0,13692,13724,13724,14066,14190,14190,14205.0,14318,14392,14464,14464,13948.0
Charaideo,2185.0,2185,2136,2188.0,2188.0,2242,2244,2244,2250,2284,2284,2284.0,2352,2355,2397,2397,2263.0
Chirang,5840.0,5840,5654,5872.0,5872.0,6007,6199,6259,6259,6396,6477,6477.0,6537,6640,6640,6640,6226.0
Darrang,6870.0,6870,6833,6968.0,6968.0,7128,7198,7237,7405,7620,7620,7620.0,7913,8333,8333,8333,7453.0
Dhemaji,4683.0,4684,4556,4641.0,4754.0,4858,4933,4950,5040,5330,5330,5332.0,5502,5544,5544,5544,5077.0
Dhubri,9126.0,9126,9734,10033.0,10033.0,10062,10366,10366,10486,10648,11460,11460.0,11541,11667,11786,11786,10605.0
Dibrugarh,14519.0,14519,14257,14398.0,14419.0,14565,14728,14801,14801,14936,14936,14986.0,15468,15967,16012,16289,14975.0
Dima Hasao,4115.0,4117,4076,4274.0,4274.0,4387,4432,4433,4433,4434,4437,4438.0,4439,4593,4594,4594,4379.0
Goalpara,6358.0,6358,6856,6977.0,6988.0,7002,7029,7029,7029,7142,7142,7142.0,7324,7504,7504,7504,7056.0
Golaghat,7811.0,7811,8196,8500.0,8500.0,8524,8799,8799,8880,8949,8949,8949.0,9051,9099,9099,9099,8688.0
Hailakandi,3245.0,3253,3194,3286.0,3325.0,3338,3369,3369,3369,3405,3414,3422.0,3502,3547,3547,3550,3383.0
Hojai,3343.0,3343,3175,3363.0,3363.0,3422,3493,3493,3566,3647,3647,3647.0,3750,3771,3771,3771,3535.0
Jorhat,7468.0,7600,7760,8002.0,8012.0,8804,9019,9157,9161,9250,9265,9288.0,9449,9597,9626,9637,8818.0
Kamrup Metropolitan,30099.0,30667,30257,30648.0,30826.0,31259,31738,32137,32387,33069,33152,33350.0,33856,34121,34414,34464,32278.0
Kamrup,10465.0,10465,10431,10533.0,10533.0,10615,10633,10665,10665,10725,11248,11254.0,11351,11437,11453,11464,10871.0
Karbi Anglong,6391.0,6391,6398,6531.0,6642.0,6818,6912,6927,6928,6944,6944,6944.0,7022,7233,7234,7234,6843.0
Karimganj,5525.0,5686,5743,5855.0,5855.0,5950,6008,6008,6073,6518,6518,6519.0,6667,6825,6825,6825,6212.0
Kokrajhar,8579.0,8579,8054,8282.0,8282.0,8334,8601,8771,8780,8812,8826,8826.0,8854,8910,8922,8922,8646.0
Lakhimpur,5610.0,5617,5748,5804.0,5830.0,6010,6234,6244,6411,6544,6564,6564.0,6682,6774,6780,6780,6262.0
Majuli,1427.0,1427,1427,1483.0,1483.0,1511,1523,1523,1523,1560,1560,1560.0,1604,1660,1660,1660,1537.0
Morigaon,3363.0,3363,3347,3367.0,3368.0,3423,3509,3539,3539,3559,3560,3560.0,3739,3846,3846,3846,3548.0
Nagaon,15078.0,15144,14615,15150.0,15150.0,15171,15518,15692,16034,16155,16155,16155.0,16227,16250,16356,16533,15711.0
Nalbari,5586.0,5586,5569,5631.0,5631.0,5831,5964,5965,5965,6123,6147,6171.0,6409,6541,6686,6686,6031.0
Sivasagar,6877.0,6988,7082,7210.0,7210.0,7447,7605,7633,7633,7788,7790,7790.0,8208,8255,8286,8287,7631.0
Sonitpur,15084.0,15151,14489,15373.0,15395.0,15499,15608,15694,16168,16712,16744,16772.0,16897,17040,17142,17198,16060.0
South Salmara Mankachar,1173.0,1173,1173,1216.0,1216.0,1235,1262,1262,1262,1314,1314,1314.0,1369,1419,1419,1419,1284.0
Tinsukia,7291.0,7291,6925,7190.0,7190.0,7295,7322,7457,7460,7560,7560,7561.0,7694,7741,7748,7812,7444.0
Udalguri,5719.0,5719,5388,5694.0,5694.0,5813,5895,6079,6080,6211,6211,6234.0,6728,7207,7209,7209,6193.0
West Karbi Anglong,1275.0,1275,1275,1290.0,1304.0,1304,1310,1310,1310,1471,1471,1471.0,1471,1485,1491,1491,1375.0
Araria,6284.0,5081,5032,5158.0,5158.0,5280,5298,5397,5445,5448,5448,5448.0,5448,5448,5710,5804,5430.0
Arwal,1937.0,1937,1944,2036.0,2036.0,2059,2059,2059,2059,2179,2179,2179.0,2307,2347,2468,2468,2141.0
Aurangabad,5666.0,5667,5667,5860.0,5860.0,6036,6036,6036,6036,6270,6270,6274.0,6396,6396,6460,6460,6087.0
Banka,4277.0,4277,4202,4218.0,4219.0,4494,4680,4722,4722,5060,5060,5060.0,5612,5612,5614,5614,4840.0
Begusarai,8977.0,8982,8929,9016.0,9062.0,9230,9238,9286,9290,9635,9635,9668.0,10046,10072,10203,10215,9468.0
Bhagalpur,8977.0,8985,8984,9114.0,9114.0,9293,9293,9293,9293,9397,9397,9478.0,9739,9836,10110,10110,9401.0
Bhojpur,5440.0,5440,5439,5536.0,5628.0,5858,5860,6246,6246,6249,6249,6249.0,6258,6311,6558,7745,6082.0
Buxar,4124.0,4129,4129,4153.0,4153.0,4257,4257,4746,4746,4751,4751,4751.0,4836,4845,5282,5324,4577.0
Darbhanga,10215.0,10215,10215,10307.0,10307.0,10433,10433,10433,10433,10860,10860,10906.0,11535,11769,12176,12176,10830.0
East Champaran,12432.0,12432,12510,12670.0,12670.0,12888,12888,13154,13154,13164,13164,13164.0,13172,13174,13949,13988,13036.0
Gaya,14590.0,14597,14597,14853.0,14853.0,15211,15211,15212,15466,15943,15943,15965.0,16431,16483,16573,16618,15534.0
Gopalganj,5313.0,5313,5250,5395.0,5397.0,5465,5472,5640,5640,5644,5644,5644.0,5645,5645,5853,5938,5556.0
Jamui,5408.0,5408,5152,5286.0,5378.0,5397,5624,5639,5656,5708,5728,5728.0,5934,5995,6179,6191,5651.0
Jehanabad,3187.0,3187,3187,3304.0,3304.0,3413,3413,3413,3413,3566,3566,3566.0,3728,3728,4101,4101,3511.0
Kaimur,3568.0,3582,3582,3833.0,3882.0,3919,3924,4248,4248,4250,4250,4250.0,4512,4512,4875,5076,4157.0
Katihar,8015.0,8015,7802,8130.0,8130.0,8292,8408,8766,8766,8776,8778,8778.0,8784,8865,9839,9952,8631.0
Khagaria,4057.0,4071,4072,4207.0,4207.0,4323,4323,4323,4323,4528,4528,4528.0,4841,4848,4887,4891,4435.0
Kishanganj,5412.0,5412,5810,5864.0,5864.0,5963,6126,6244,6248,6285,6285,6330.0,6353,6408,6539,6571,6107.0
Lakhisarai,1513.0,1556,1488,1733.0,1733.0,1971,1996,2162,2162,2277,2297,2377.0,2543,2552,2554,2630,2096.0
Madhepura,4009.0,4009,4009,4076.0,4076.0,4236,4236,4236,4236,4519,4519,4519.0,4761,4767,5128,5128,4404.0
Madhubani,9416.0,9420,9421,9685.0,9769.0,9945,10102,10102,10113,10400,10554,10556.0,10856,10978,11129,11129,10223.0
Munger,4611.0,4611,4609,4705.0,4715.0,4807,4900,4901,4901,5154,5154,5154.0,5375,5393,5803,6188,5061.0
Muzaffarpur,10526.0,10526,10536,10721.0,10830.0,11002,11021,11577,11577,11593,11593,11631.0,11676,11695,12296,12328,11320.0
Nalanda,9714.0,9714,9391,9835.0,9835.0,10025,10158,10531,10531,10594,10594,10647.0,10684,10743,11366,11703,10379.0
Nawada,3851.0,3851,3853,3947.0,3947.0,4130,4144,4144,4144,4514,4514,4514.0,4723,4726,4967,4975,4309.0
Patna,70632.0,70635,71792,71951.0,71981.0,72222,72249,73249,73298,73583,73701,73923.0,74263,75432,76370,77651,73308.0
Purnia,7383.0,7383,7383,7659.0,7707.0,7780,7795,8298,8298,8314,8314,8322.0,8333,8365,8758,9008,8069.0
Rohtas,8845.0,8845,8822,8998.0,9027.0,9191,9191,9385,9386,9431,9431,9472.0,9533,9581,10287,10397,9364.0
Saharsa,5136.0,5136,5135,5167.0,5191.0,5261,5279,5279,5279,5539,5539,5556.0,5713,5713,5994,6205,5445.0
Samastipur,8973.0,8982,8981,9147.0,9151.0,9402,9506,9506,9506,10198,10238,10247.0,10821,10898,11465,11662,9918.0
Saran,10601.0,10601,10371,10788.0,10841.0,11126,11302,11774,11775,11900,11900,11952.0,12006,13174,14346,14990,11840.0
Sheikhpura,2167.0,2167,2166,2205.0,2271.0,2386,2386,2386,2386,2460,2460,2460.0,2534,2539,2648,2650,2392.0
Sheohar,1166.0,1166,1166,1282.0,1282.0,1379,1408,1479,1479,1479,1479,1479.0,1561,1561,1683,1802,1428.0
Sitamarhi,6435.0,5461,5202,5392.0,5392.0,5631,5857,6003,6003,6005,6005,6005.0,6014,6072,6973,6973,5964.0
Siwan,8586.0,8596,8554,8780.0,8780.0,8810,8818,9358,9358,9359,9359,9359.0,9373,9396,9890,9890,9142.0
Supaul,5930.0,5932,5924,6053.0,6100.0,6198,6200,6208,6208,6397,6397,6411.0,6811,6814,6921,6949,6341.0
Vaishali,6882.0,6882,6879,7015.0,7015.0,7147,7158,7517,7517,7578,7578,7585.0,7595,7622,8206,8329,7407.0
West Champaran,7027.0,7027,7387,8413.0,8491.0,9512,9684,10356,10409,10528,10528,10603.0,10686,10862,11611,11675,9675.0
Chandigarh,17849.0,17856,16317,17411.0,17451.0,17669,17864,18128,18684,19395,19396,19632.0,19792,19951,20454,20467,18645.0
Balod,5629.0,5629,5703,5708.0,5735.0,5771,6201,6273,6471,6754,6754,6823.0,6908,6948,7015,7015,6334.0
Baloda Bazar,7054.0,7061,7015,7017.0,7086.0,7138,7191,7321,7932,8324,8333,8465.0,8542,8553,8673,8673,7774.0
Balrampur,2379.0,2379,2499,2508.0,2516.0,2752,3258,3322,3328,3596,3596,3825.0,3825,3840,4083,4083,3237.0
Bastar,7277.0,7279,7382,8324.0,8414.0,8551,8569,9133,9497,9784,9981,10116.0,10215,10216,10305,10305,9084.0
Bametara,4343.0,4343,4341,4346.0,4371.0,4398,4428,4466,4736,4859,4859,4972.0,5327,5327,5356,5356,4739.0
Bijapur,3987.0,4195,5723,6434.0,6434.0,6656,6896,6975,7228,7867,8905,9713.0,9733,9740,9772,9772,7502.0
Bilaspur,13916.0,13918,13310,13793.0,13866.0,14625,14921,16044,16067,16502,16534,16693.0,17388,17393,17512,17515,15625.0
Dakshin Bastar Dantewada,4812.0,5070,4865,5240.0,5285.0,5658,5806,6018,6354,6676,7273,7481.0,7769,7770,7816,7810,6356.0
Dhamtari,3826.0,3835,3839,3839.0,3912.0,4113,4132,4162,4192,4374,4381,4574.0,4760,4851,4939,4939,4292.0
Durg,15258.0,15462,15474,15591.0,15689.0,15875,15977,16169,16260,16531,16642,16855.0,17103,17232,17464,17466,16316.0
Gariaband,3760.0,3814,3778,3781.0,4170.0,4206,4349,4494,4921,5029,5035,5157.0,5304,5304,5433,5433,4623.0
Gaurela Pendra Marwahi,1529.0,1529,1516,1516.0,1564.0,1626,1636,1719,1772,1836,1838,1915.0,1972,1983,2047,2050,1753.0
Janjgir Champa,7380.0,7380,7549,7550.0,7592.0,7604,8054,8254,8725,8880,8882,8971.0,9074,9074,9113,9113,8325.0
Jashpur,5692.0,5692,5698,5703.0,5772.0,5891,5943,6192,6237,6425,6425,6630.0,6844,6848,6995,6995,6249.0
Uttar Bastar Kanker,9768.0,9788,8883,9814.0,10006.0,10823,11148,11273,12068,12322,12339,12650.0,12776,12776,12913,12913,11391.0
Kabeerdham,4363.0,4367,4493,4590.0,4658.0,4909,4909,4980,5505,5649,5660,5770.0,5891,5891,6013,6013,5229.0
Kondagaon,3593.0,3595,3417,3488.0,3934.0,4039,4101,4299,4329,4544,4548,4715.0,4879,4921,5150,5150,4294.0
Korba,8140.0,8142,7896,8008.0,8049.0,8162,8309,8675,8759,8910,8923,9050.0,9297,9304,9333,9333,8643.0
Koriya,3579.0,3579,3220,3297.0,3337.0,3371,3573,3689,3753,4015,4018,4116.0,4252,4344,4452,4456,3816.0
Mahasamund,5560.0,5560,5560,5576.0,5615.0,5698,5750,6144,6602,6798,6804,6926.0,7022,7022,7127,7127,6306.0
Mungeli,2362.0,2362,2364,2365.0,2423.0,2479,2479,2560,2758,2830,2837,2909.0,3038,3038,3126,3126,2691.0
Narayanpur,1940.0,1940,1938,2079.0,2099.0,2130,2134,2431,2702,2887,3058,3086.0,3148,3148,3148,3148,2564.0
Raigarh,11617.0,11647,11671,11671.0,11713.0,12345,12354,12437,12604,12864,12880,13037.0,13324,13334,13534,13534,12535.0
Raipur,19001.0,19283,19552,19696.0,19841.0,20483,22208,22641,24012,25291,25372,26014.0,26628,26668,26827,26827,23146.0
Rajnandgaon,13188.0,13188,13035,13184.0,13222.0,13470,14165,14712,16395,16602,16639,16757.0,16877,16948,16982,17073,15152.0
Sukma,6518.0,6602,6259,7302.0,7706.0,7840,9226,9467,10898,11004,11293,13459.0,13572,13608,13643,13643,10128.0
Surajpur,5508.0,5508,5878,5879.0,6011.0,6339,6394,6704,6709,6770,6770,6985.0,6985,6992,7193,7193,6489.0
Surguja,5877.0,5900,5932,6272.0,6372.0,6428,6457,6630,6789,6920,6930,7094.0,7094,7095,7181,7193,6635.0
Dadra and Nagar Haveli,1193.0,1193,1193,1196.0,1197.0,1377,1464,1485,1485,1505,1505,1505.0,1563,1685,1735,1735,1438.0
Daman,573.0,573,573,587.0,804.0,892,908,932,932,952,952,954.0,964,983,999,999,849.0
Diu,351.0,353,353,545.0,545.0,650,650,693,693,815,815,693.0,693,815,693,693,628.0
Central Delhi,17692.0,17742,17863,18096.0,18344.0,18718,18738,19031,19046,19622,19622,19867.0,20276,20667,21052,21059,19215.0
East Delhi,18185.0,18214,17443,18254.0,18818.0,19413,19448,19542,19547,19651,19652,19749.0,19889,19909,20161,20164,19252.0
New Delhi,45878.0,45857,45585,46126.0,46275.0,46853,46984,47491,47771,48176,48176,48572.0,49107,49176,49572,49573,47573.0
North Delhi,18395.0,19016,18575,19653.0,20678.0,22844,22984,23335,23338,23516,23516,23613.0,23868,23881,24144,24144,22219.0
North East Delhi,28858.0,29139,27973,29256.0,29332.0,30765,31116,31621,31623,31723,31724,31800.0,31922,31923,32020,32033,30802.0
North West Delhi,28132.0,28181,28162,28418.0,28512.0,29228,29259,29505,29856,30413,30413,30705.0,31035,31161,31622,31623,29764.0
Shahdara,11904.0,12074,11244,11955.0,11985.0,12602,12638,12952,12952,13390,13398,13691.0,13818,13818,13902,13903,12889.0
South Delhi,20410.0,20902,18737,20798.0,20864.0,21481,21528,22644,22763,23438,23439,23850.0,24106,24188,24623,24634,22400.0
South East Delhi,12383.0,12383,12352,12460.0,12475.0,12792,13087,13290,13297,13465,13466,13829.0,14586,14926,15410,15413,13476.0
South West Delhi,30469.0,30469,27108,29701.0,31971.0,37496,38737,41658,42448,42821,42828,43184.0,43511,43951,44329,44791,38467.0
West Delhi,24572.0,24583,23713,24401.0,24419.0,25467,25815,26721,26724,27156,27159,27646.0,28219,28352,28905,28934,26424.0
North Goa,10296.0,10301,9520,10148.0,10185.0,10198,10419,10790,10796,10934,10939,11141.0,11374,11604,11827,11856,10770.0
South Goa,6053.0,6067,6075,6118.0,6132.0,6153,6241,6631,6633,6714,6921,7033.0,7199,7364,7572,7599,6657.0
Ahmedabad,29780.0,29781,29777,29835.0,30389.0,30712,30843,30946,30948,32204,32223,32373.0,32802,33008,33017,33017,31353.0
Ahmedabad,25851.0,26103,26540,26884.0,27445.0,28527,30153,31842,32095,34112,34687,36447.0,39489,43642,47424,47953,33700.0
Amreli,12487.0,12523,12597,12666.0,12746.0,12912,13063,13261,13355,13441,13509,13773.0,14123,14277,14311,14311,13335.0
Anand,9714.0,9714,9752,9952.0,10049.0,10275,10559,10739,10962,11415,11415,11662.0,12762,13490,13855,14859,11323.0
Aravalli,6537.0,6570,6558,6601.0,6724.0,6869,7011,7145,7158,7484,7495,7526.0,7904,8379,8839,8851,7353.0
Banaskantha,19731.0,19731,19556,19811.0,20024.0,20217,20443,20498,20524,20689,20689,21097.0,22434,24283,25889,25942,21347.0
Bharuch,6484.0,6604,6612,6642.0,6669.0,6770,7144,7272,7378,7554,7572,7628.0,8246,9182,9787,9789,7583.0
Bhavnagar,6797.0,6821,6820,6937.0,6972.0,7080,7339,7697,7711,7881,7881,7935.0,8265,8693,8693,8693,7638.0
Bhavnagar,5559.0,5572,5572,5593.0,5613.0,5719,5719,6091,6280,6526,6628,6852.0,8007,8431,8835,8835,6614.0
Botad,3139.0,3147,3159,3188.0,3237.0,3295,3339,3638,3638,3643,3672,3683.0,3804,4030,4060,4060,3546.0
Chhota Udaipur,7000.0,6905,6905,6953.0,6954.0,7087,7263,7471,7471,7471,7471,7471.0,7891,8026,8206,8430,7436.0
Dahod,16882.0,13924,13947,13964.0,14009.0,14188,14497,14914,14924,14963,15037,15162.0,15395,16091,16434,16546,15055.0
Dang,2504.0,2506,2255,2542.0,2542.0,2582,2697,2739,2739,2741,2741,2751.0,2853,2888,3123,3155,2710.0
Devbhumi Dwarka,3530.0,3542,3542,3563.0,3601.0,3624,3678,3715,3735,3760,3760,3770.0,4248,4450,4499,4499,3845.0
Gandhinagar,11989.0,12246,11201,12522.0,12537.0,12560,12731,13043,13063,13108,13112,13238.0,13644,13855,14109,14109,12942.0
Gandhinagar,2800.0,2800,2851,2885.0,2913.0,2944,2999,3021,3022,3043,3043,3065.0,3129,3216,3264,3265,3016.0
Gir Somnath,7878.0,7909,7988,8029.0,8078.0,8223,8601,8746,8746,8839,8916,9061.0,9391,9668,9958,10128,8760.0
Jamnagar,3875.0,3907,3917,3928.0,3988.0,4042,4136,4192,4194,4203,4205,4205.0,4384,4441,4483,4747,4178.0
Jamnagar,4473.0,4489,4494,4517.0,4518.0,4594,4628,4873,4873,4873,4873,4873.0,5197,5293,5340,5340,4828.0
Junagadh,9438.0,9293,9389,9525.0,9647.0,9708,9893,10041,10113,10161,10169,10207.0,10430,10540,10712,11005,10017.0
Junagadh,1392.0,1202,1203,1239.0,1239.0,1261,1289,1327,1365,1373,1386,1735.0,1770,1963,1998,2002,1484.0
Kheda,14881.0,15025,15051,15167.0,15257.0,15579,15940,16397,16537,16876,16882,17205.0,18463,19514,19968,20099,16803.0
Kutch,15723.0,15758,16039,16267.0,16413.0,16836,17105,19228,19227,19268,19386,19643.0,20815,21671,22152,22402,18621.0
Mahisagar,9146.0,9180,9678,9693.0,9723.0,9780,9815,9934,9959,9959,9959,10040.0,10174,10254,10342,10475,9882.0
Mehsana,17085.0,17087,16668,16976.0,17137.0,17259,17780,18196,18356,18641,18751,18918.0,19411,20438,21061,21090,18428.0
Morbi,3662.0,3542,3759,3929.0,3953.0,3999,4132,4172,4172,4173,4173,4180.0,4463,4916,5105,5116,4215.0
Narmada,4399.0,4401,4417,4458.0,4478.0,4503,4545,4613,4613,4633,4633,4633.0,4820,5040,5075,5079,4646.0
Navsari,11968.0,11969,12043,12100.0,12183.0,12363,12463,12658,12667,12673,12768,12832.0,13342,13800,13983,13983,12737.0
Panchmahal,10176.0,10190,10354,10445.0,10663.0,10887,11161,11582,11582,11818,11818,11875.0,12363,12711,12963,12964,11472.0
Patan,7975.0,7983,7770,7957.0,7999.0,8224,8401,8842,8842,8928,8936,9000.0,9536,9913,10726,10726,8860.0
Porbandar,4320.0,4323,4369,4397.0,4436.0,4501,4518,4676,4676,4685,4685,4693.0,4864,5056,5477,5477,4697.0
Rajkot,10200.0,10231,10782,10823.0,11099.0,11224,11509,11839,11839,11909,11977,12342.0,12996,13195,13305,13742,11813.0
Rajkot,10184.0,10239,10574,10668.0,10798.0,11068,11250,11530,11573,11727,11765,11986.0,12454,12943,13204,13230,11575.0
Sabarkantha,11180.0,11270,11303,11368.0,11412.0,11457,11595,11974,11999,12036,12036,12036.0,12449,12730,12809,12912,11910.0
Surat,9081.0,9102,9646,9905.0,10234.0,10324,10558,10729,10815,10900,10960,11147.0,11579,12238,12663,12886,10798.0
Surat,32683.0,32783,31974,35058.0,35610.0,36277,36816,38030,38441,39383,39585,40857.0,43490,45285,48774,49555,39038.0
Surendranagar,8673.0,8737,8636,9336.0,9417.0,9584,9951,10228,10228,10251,10251,10307.0,10768,11413,11747,15968,10343.0
Tapi,6231.0,6325,6291,6315.0,6322.0,6405,6540,6594,6594,6594,6594,6599.0,6894,7471,7509,7514,6674.0
Vadodara,13913.0,13928,14139,14377.0,14657.0,15724,16060,16204,16204,16359,16375,16599.0,17035,17763,17997,18043,15961.0
Vadodara,19129.0,19277,16398,17862.0,18039.0,18253,19795,21105,21396,22269,22515,23871.0,25107,26606,27411,28369,21713.0
Valsad,11045.0,11068,11439,11625.0,11635.0,11832,12298,13020,13074,13325,13360,13483.0,14005,14436,14695,14740,12818.0
Ambala,4419.0,4420,4429,4623.0,4697.0,5087,5636,5873,5937,7216,7235,7896.0,8170,8942,9426,9427,6465.0
Bhiwani,5165.0,5175,5107,5300.0,5322.0,5660,6064,6856,6960,8001,8002,8002.0,8404,8610,8610,8610,6866.0
Charkhi Dadri,2055.0,2055,2055,2057.0,2057.0,2362,2375,2391,2392,2566,2648,2825.0,2982,2999,2999,2999,2489.0
Faridabad,6594.0,6594,6618,7347.0,7656.0,8539,9154,9503,10058,10926,11127,11688.0,12071,13311,13791,13953,9933.0
Fatehabad,4331.0,4331,4329,4523.0,4558.0,4901,5292,5467,5467,5743,5748,5961.0,6110,6499,6499,6499,5391.0
Gurugram,32060.0,32386,32569,33846.0,33861.0,36326,37878,42981,44911,50932,51777,54028.0,56635,58391,60110,60110,44925.0
Hisar,10274.0,10275,11088,12136.0,12654.0,14068,14381,15977,16231,18319,18319,20130.0,20770,21205,21275,21275,16149.0
Jhajjar,1811.0,1811,1811,2046.0,2071.0,2327,2491,2589,2589,2776,2805,2854.0,2931,3520,3585,4132,2634.0
Jind,3488.0,3488,4080,4222.0,4292.0,4406,4585,5383,5383,5945,5945,5945.0,6078,6841,6853,6853,5237.0
Kaithal,4579.0,4579,4540,4802.0,4848.0,5253,5493,5552,5609,6642,6642,6706.0,7164,7357,7357,7357,5905.0
Karnal,5433.0,5433,5782,6315.0,6431.0,6919,7114,7447,7571,8359,8419,8448.0,8957,9352,9488,9507,7561.0
Kurukshetra,3190.0,3190,3190,3234.0,3271.0,3350,3930,4215,4215,4528,4528,4552.0,4747,5477,5611,5729,4185.0
Mahendragarh,2829.0,2834,2844,2934.0,2934.0,3183,3368,3549,3576,3753,3753,3780.0,3824,4326,4649,4746,3555.0
Nuh,1635.0,1650,1989,2149.0,2301.0,2347,2562,2652,2671,2820,2958,2998.0,3067,3155,3215,3221,2587.0
Palwal,2467.0,2467,2468,2499.0,2566.0,2911,2960,3378,3379,3498,3543,3546.0,3748,4099,4164,4164,3241.0
Panchkula,9612.0,9619,9691,9821.0,9917.0,10309,10456,10673,11331,12003,12346,12587.0,12749,13344,13880,13893,11389.0
Panipat,3204.0,3218,3173,3251.0,3605.0,3801,4021,4169,4348,4820,4930,4949.0,5649,5964,5996,5996,4443.0
Rewari,3377.0,3377,3406,3411.0,3623.0,3801,4047,4305,4511,4663,5061,5303.0,5356,5484,5553,5795,4442.0
Rohtak,8789.0,8888,7859,8243.0,8293.0,8990,9553,10524,11523,12819,12880,12962.0,13887,14047,14441,14471,11136.0
Sirsa,4666.0,4673,4636,4636.0,4825.0,5061,5278,5347,5854,5927,6371,6446.0,6604,6877,6881,6881,5685.0
Sonipat,5277.0,5277,4985,5708.0,6101.0,6773,7290,7475,7667,8416,8607,8742.0,9781,10184,10480,10505,7704.0
Yamunanagar,4876.0,5075,4959,5304.0,5364.0,5880,6200,6547,6630,7058,7058,7248.0,7620,8199,8517,8517,6566.0
Bilaspur,3705.0,3705,3692,3697.0,3697.0,3697,3735,3914,3914,3917,3917,3919.0,3962,3968,4034,4034,3844.0
Chamba,3986.0,3986,3964,3971.0,3977.0,4007,4159,4251,4551,4552,4552,4581.0,4786,4938,5009,5009,4392.0
Hamirpur,4590.0,4590,4550,4550.0,4550.0,4550,4564,4617,4658,4660,4664,4664.0,4719,4755,4997,5107,4674.0
Kangra,12714.0,12724,12688,12802.0,12818.0,13017,13212,13456,13474,13546,13546,13630.0,14138,14852,15145,15169,13558.0
Kinnaur,2526.0,2526,2526,2526.0,2527.0,2527,2598,2603,2614,2618,2621,2628.0,2640,2655,2672,2672,2592.0
Kullu,5106.0,5142,5081,5144.0,5152.0,5154,5258,5311,5311,5313,5434,5435.0,5533,5566,5788,5788,5345.0
Lahaul and Spiti,740.0,741,731,731.0,733.0,733,755,763,799,799,799,799.0,810,810,812,812,773.0
Mandi,11368.0,11368,11302,11404.0,11438.0,11912,12190,12356,12473,12953,12953,13128.0,13393,13932,14121,14122,12526.0
Shimla,11534.0,11534,11395,11595.0,11633.0,11826,12058,12289,12290,12722,12722,12732.0,13137,13205,13643,13643,12372.0
Sirmaur,5146.0,5144,5135,5163.0,5163.0,5233,5322,5379,5383,5383,5385,5390.0,5540,5618,5889,5950,5389.0
Solan,4686.0,4745,4672,4999.0,4999.0,4999,5111,5203,5213,5298,5298,5298.0,5422,5492,5870,5870,5198.0
Una,5500.0,5503,5410,5463.0,5464.0,5466,5702,5767,5839,5903,6104,6104.0,6219,6260,6405,6405,5845.0
Anantnag,5683.0,6020,6087,6190.0,6448.0,6508,7603,7765,7802,9217,9218,9319.0,9553,9667,9822,9822,7920.0
Bandipora,2791.0,2832,2786,2878.0,3824.0,3850,4103,4132,4225,5682,5682,5714.0,5936,6003,6189,6189,4551.0
Baramulla,14516.0,14618,14321,15361.0,16990.0,20551,20741,20851,21132,26895,27044,28123.0,28424,28570,28578,28578,22206.0
Budgam,14881.0,16448,16453,16845.0,16887.0,17197,18939,19241,19428,20030,20037,20637.0,20904,21138,21189,21189,18840.0
Doda,2864.0,3302,3285,3399.0,3639.0,3639,4641,4662,4708,5471,5471,5487.0,5612,5729,5729,5729,4585.0
Ganderbal,2781.0,2800,2898,2936.0,3023.0,3505,3590,3661,3661,3684,3684,3686.0,3823,3884,3884,3884,3462.0
Jammu,30931.0,30952,29483,31250.0,31422.0,33206,34432,35524,36829,37557,37784,37898.0,38930,39685,39728,39769,35336.0
Kathua,3788.0,3797,3831,3877.0,4280.0,4299,4335,4457,4480,4729,4729,4859.0,4972,5173,5283,5283,4511.0
Kishtwar,2180.0,2180,2060,2395.0,3187.0,3191,3425,3516,3684,3785,3785,3786.0,3822,3836,3836,3836,3282.0
Kulgam,2918.0,2937,2925,2942.0,2943.0,3102,3394,3466,3750,3983,4008,4550.0,4802,4972,5044,5044,3799.0
Kupwara,3884.0,3967,3719,4000.0,4015.0,4156,4308,5483,6426,7112,7128,7247.0,7332,7372,7384,7404,5684.0
Punch,3141.0,3202,3308,3300.0,3374.0,3806,4141,4199,4322,4374,4374,4735.0,4779,4803,4805,4805,4092.0
Pulwama,4030.0,4074,3845,4027.0,4536.0,4653,4779,5002,7040,8703,8807,8815.0,9789,9841,9921,9934,6737.0
Rajouri,6117.0,6118,5892,6693.0,6693.0,6764,7188,7242,7593,7703,7704,7705.0,7769,7882,7892,7892,7178.0
Ramban,778.0,778,778,810.0,1153.0,1176,1270,2020,2047,2133,2133,2133.0,2312,2418,2418,2418,1673.0
Reasi,3658.0,3923,3458,4280.0,4295.0,4484,4671,4710,4719,4821,4892,4892.0,4943,4998,4998,5008,4547.0
Samba,5148.0,5149,5103,5238.0,5624.0,5762,5933,6769,6969,7077,7085,7087.0,7124,7163,7183,7183,6350.0
Shopiyan,4176.0,4226,4229,2447.0,2451.0,2903,2952,3002,3005,3117,3165,3235.0,3297,3389,3389,3389,3273.0
Srinagar,45286.0,41507,41777,43855.0,45504.0,46707,47463,47683,47859,48286,48289,48309.0,48424,48491,48505,48505,46653.0
Udhampur,3536.0,3547,3554,3612.0,4205.0,4729,4868,6061,6190,6326,6407,6410.0,6485,6540,6540,6540,5347.0
Bokaro,9665.0,9665,9658,9693.0,11779.0,11800,12354,12559,12737,12934,12935,12994.0,13010,13027,13339,13520,11979.0
Chatra,3904.0,3904,3908,4103.0,4115.0,4431,4547,4716,5442,5986,6009,6058.0,6058,6124,6198,6198,5106.0
Deoghar,4225.0,4225,4107,4358.0,4384.0,4395,4584,4682,4844,4967,5154,5175.0,5200,5377,5683,5728,4818.0
Dhanbad,12275.0,12275,12293,12510.0,12794.0,13336,14663,14668,15023,15231,15270,16328.0,16582,17014,17133,17235,14664.0
Dumka,3275.0,3275,3095,3278.0,3300.0,3343,3463,3537,3695,4008,4011,4146.0,4146,4350,4512,4512,3747.0
East Singhbhum,8766.0,8781,8771,8965.0,9210.0,9231,11158,11425,12189,12788,12788,12894.0,13026,13079,13376,13376,11239.0
Garhwa,3801.0,3801,3600,3708.0,3752.0,4164,4277,4479,4942,5073,5111,5238.0,5238,5359,5384,5458,4587.0
Giridih,6598.0,6598,6598,6613.0,6616.0,6789,7261,7836,8116,8218,8218,8319.0,8319,8565,8884,8884,7652.0
Godda,2344.0,2344,2344,2831.0,2857.0,2899,2976,2976,3575,3663,3663,3755.0,3802,3935,4197,4197,3272.0
Gumla,3623.0,3623,3622,3668.0,3781.0,3807,4162,4163,4324,4632,4678,4878.0,4888,5172,5356,5358,4358.0
Hazaribagh,4745.0,4855,4840,5313.0,5328.0,5333,5892,5893,6175,6868,8121,8245.0,8464,8971,9125,9183,6709.0
Jamtara,1618.0,1618,1620,1806.0,1835.0,1836,1872,2088,2148,2230,2230,2309.0,2309,2362,2429,2429,2046.0
Khunti,3351.0,3351,3258,3279.0,3280.0,3288,3621,4571,4980,5057,5081,5360.0,5430,5645,5833,5885,4454.0
Koderma,1930.0,1930,1930,1945.0,1962.0,1964,2015,2295,2389,2572,2572,2629.0,2629,2738,2944,2959,2338.0
Latehar,3866.0,3866,3852,4315.0,4349.0,4352,4461,5425,5927,6257,6257,6310.0,6354,6389,6507,6582,5317.0
Lohardaga,1895.0,1895,1982,2006.0,2006.0,2045,2405,2766,2906,3020,3020,3051.0,3291,3494,3581,3638,2688.0
Pakur,1322.0,1322,1321,1365.0,1421.0,1422,1505,1847,2116,2194,2194,2244.0,2244,2319,2373,2383,1850.0
Palamu,6292.0,6292,6271,6301.0,6356.0,6447,6817,7396,7759,8053,8053,8305.0,8326,8586,8831,8907,7437.0
Ramgarh,3340.0,3340,3338,3462.0,3480.0,3499,3535,3701,4165,4365,4365,4400.0,4401,4415,4560,4570,3934.0
Ranchi,18860.0,19001,20465,21859.0,22255.0,22761,27701,27926,32672,34413,34496,35100.0,35405,36146,36703,36907,28917.0
Sahibganj,1976.0,1976,1976,2542.0,2565.0,2626,2679,2749,3363,3560,3560,3610.0,3640,3809,3903,3903,3027.0
Saraikela-Kharsawan,4185.0,4185,4226,4251.0,4284.0,4284,4346,4596,5122,5215,5215,5359.0,5379,5527,5633,5633,4840.0
Simdega,1819.0,1819,1819,1832.0,1866.0,1870,1909,1909,2790,3143,3143,3204.0,3286,3523,3730,3730,2587.0
West Singhbhum,6418.0,6422,6234,6391.0,7091.0,7494,7786,7827,8039,8297,8297,8478.0,8500,8699,9082,9183,7765.0
Bagalkote,6482.0,6482,6473,6872.0,7646.0,7721,8123,8159,8161,8545,8590,8877.0,9050,9469,9775,9837,8141.0
Bengaluru Rural,6641.0,6641,6619,6991.0,7249.0,7310,8682,9695,9697,9957,9973,10220.0,10383,10753,10878,10878,8910.0
Bengaluru Urban,18583.0,18603,17641,18682.0,18834.0,19034,20364,28509,28962,30268,30356,32534.0,34863,37155,38510,38569,26967.0
Bengaluru Urban,84747.0,85098,84727,87553.0,90030.0,93654,99911,106543,109542,116673,118845,128263.0,137354,142092,149501,150974,111594.0
Belagavi,23611.0,23611,23347,23735.0,25465.0,27341,29163,30916,31339,33442,33779,35428.0,36332,37296,38689,38932,30777.0
Ballari,8795.0,8795,8789,8880.0,9111.0,9662,10089,10983,11067,12305,12443,13874.0,14127,14610,14839,14855,11452.0
Bidar,5384.0,5384,5218,5284.0,5370.0,5455,5994,6312,6490,6841,6864,7361.0,7510,7585,7639,7639,6396.0
Chamarajanagara,3619.0,3619,3633,3690.0,3793.0,3802,3976,4073,4091,4190,4263,4465.0,4470,4646,4754,4826,4119.0
Chikkamagaluru,7010.0,7010,6985,7093.0,7173.0,7218,7550,7849,7880,8444,8444,8883.0,9056,9389,9530,9530,8065.0
Chikkaballapura,6558.0,6558,6493,6506.0,6611.0,6675,6919,7484,7984,8311,8313,8367.0,8457,8521,8527,8527,7551.0
Chitradurga,9190.0,9191,9168,9395.0,9749.0,9990,10152,10581,11084,11344,11586,11752.0,11752,11963,11981,11981,10679.0
Dakshina Kannada,25125.0,25126,24864,25263.0,25434.0,25761,26926,27950,28431,31834,32067,33116.0,34304,36212,36299,36301,29688.0
Davanagere,8273.0,8277,8271,8323.0,8573.0,8731,9258,9725,10117,10503,10629,11160.0,11842,11999,12230,12230,10009.0
Dharwad,10758.0,10879,10755,10872.0,10997.0,11083,11329,11919,12184,13231,13231,14041.0,14240,14478,14916,15057,12498.0
Gadag,4675.0,4675,4719,4985.0,5065.0,5162,5261,5856,5893,6325,6545,,6665,6746,6938,6989,5767.0
Kalaburagi,9705.0,9743,9249,9390.0,9970.0,10114,11046,11642,11669,12522,12522,12861.0,13099,13319,13720,13765,11521.0
Hassan,9601.0,9601,9589,9689.0,10007.0,10073,11128,11673,11751,12318,12753,13988.0,14684,14991,15131,15131,12007.0
Haveri,5183.0,5183,5126,5189.0,5347.0,5347,5514,6338,6340,6646,6655,6850.0,6873,6913,6913,6913,6083.0
Kodagu,3997.0,3997,3976,4026.0,4111.0,4219,4364,4816,4824,5466,5502,5858.0,6368,6532,6622,6633,5082.0
Kolar,6973.0,6973,6958,7092.0,7414.0,7672,8494,8978,9160,10045,10223,10751.0,11914,12457,12830,12830,9423.0
Koppal,4759.0,4759,4934,5068.0,5131.0,5178,5689,6146,6146,6512,6618,6726.0,6826,6883,6950,6950,5955.0
Mandya,8841.0,8841,8825,8931.0,9321.0,9334,9616,10404,10822,11893,11931,12276.0,12550,12839,13136,13136,10794.0
Mysuru,19891.0,19891,19883,19957.0,20265.0,20564,21030,23543,23630,24574,24574,25846.0,26580,27727,28851,29300,23507.0
Raichur,8051.0,8058,8044,8147.0,8700.0,8802,9220,9846,9868,10185,10221,10478.0,10603,10935,11346,11418,9620.0
Ramanagara,4843.0,4847,4828,5111.0,5575.0,5769,5980,6211,6233,6521,6759,7150.0,7450,7571,7663,7670,6261.0
Shivamogga,10799.0,10804,10663,10898.0,11019.0,11334,12300,12364,12478,13665,13691,14434.0,14994,15328,15416,15416,12850.0
Tumakuru,15145.0,15152,15137,15483.0,15782.0,15990,16656,17294,17897,21066,21067,21272.0,21513,22103,22426,22426,18526.0
Udupi,9471.0,9472,9469,9564.0,9707.0,9942,10712,11415,11517,12287,12716,13323.0,14219,15234,16620,16705,12023.0
Uttara Kannada,10660.0,10660,10677,10703.0,11087.0,11123,11644,12479,12491,12794,12815,13211.0,13331,13745,14185,14185,12237.0
Vijayapura,8311.0,8321,8264,8354.0,8517.0,8990,9887,11307,11320,11739,11739,11918.0,12293,12448,12452,12454,10520.0
Yadgir,3602.0,3602,3610,3610.0,3733.0,3748,4089,4158,4212,4358,4380,4582.0,4603,4609,4609,4609,4132.0
Alappuzha,16230.0,16230,16244,16747.0,16840.0,16932,17042,17394,17394,17734,17734,17990.0,18301,18611,19762,19765,17559.0
Ernakulam,47263.0,47324,47279,48069.0,48221.0,48667,49514,49939,50359,51202,51505,52583.0,53926,54665,55521,56075,50757.0
Idukki,6695.0,6695,6595,6763.0,6789.0,7192,7271,7504,7797,7960,8157,8371.0,8909,9151,9309,9346,7782.0
Kannur,23457.0,23457,23432,23615.0,23615.0,24053,24846,25066,25115,25563,25984,26244.0,26627,27557,28723,29247,25413.0
Kasaragod,6252.0,6257,6265,6506.0,6506.0,6553,6641,6650,6650,7203,7274,7338.0,7942,8287,8403,8477,7075.0
Kollam,17819.0,17819,17885,18144.0,18144.0,18318,18598,18967,19046,19636,19726,19941.0,20414,21160,21368,21544,19283.0
Kottayam,18781.0,18781,18821,19390.0,19417.0,20141,20316,20365,20373,20977,21014,21516.0,21989,22938,23507,23689,20751.0
Kozhikode,26718.0,27114,27095,27716.0,27716.0,28005,28509,29026,29048,29650,29737,30027.0,30737,31710,32900,33220,29308.0
Malappuram,18082.0,18083,18082,18960.0,18961.0,19561,19739,19750,19751,19869,19869,20147.0,20422,20844,21914,21917,19747.0
Palakkad,20807.0,20807,20939,21101.0,21101.0,21367,21514,21787,21787,21984,22020,22301.0,22607,23356,24039,24228,21984.0
Pathanamthitta,15738.0,15738,15755,15874.0,15889.0,15986,16388,16610,16610,17130,17130,17871.0,18313,18836,19190,19316,17023.0
Thiruvananthapuram,39937.0,40070,39746,40070.0,40107.0,40255,40634,42334,42446,43773,43989,44402.0,45410,46774,49995,49996,43121.0
Thrissur,26158.0,26271,26344,26405.0,26409.0,28295,28567,29070,29374,30851,30928,31189.0,31673,32620,33529,34036,29482.0
Wayanad,8429.0,8429,8427,8538.0,8713.0,8875,9004,9097,9142,9441,9550,9639.0,9835,10067,10234,10236,9228.0
Kargil,2840.0,2840,2226,2383.0,2392.0,2392,2459,2518,2624,2641,2641,2647.0,2647,2679,2698,2718,2584.0
Leh,9378.0,9621,9434,9473.0,9507.0,9507,9678,9940,9943,10136,10138,10265.0,10338,10403,10610,10643,9938.0
Lakshadweep,776.0,776,742,742.0,742.0,742,802,887,1236,1236,1236,1266.0,1266,1266,1287,1435,1027.0
Agar Malwa,1997.0,1997,1997,2045.0,2047.0,2069,2139,2139,2139,2152,2347,2426.0,2532,2645,2739,2739,2259.0
Alirajpur,4066.0,4066,4070,4073.0,4152.0,4226,4366,4457,4457,4636,4715,5388.0,5686,5728,5911,5933,4746.0
Anuppur,2194.0,2194,2194,2197.0,2219.0,2227,2264,2394,2414,2460,2569,2714.0,2921,3051,3206,3206,2526.0
Ashoknagar,2872.0,2879,2879,2892.0,3012.0,3137,3263,3539,3539,3693,3744,3990.0,4129,4257,4437,4437,3544.0
Balaghat,6788.0,6788,7118,7384.0,7444.0,7501,7604,8260,8260,8551,8722,9216.0,9460,9564,9943,9969,8286.0
Barwani,5522.0,5545,5545,5980.0,6008.0,6036,6159,6421,6421,6566,6587,6972.0,7280,7643,7860,7947,6531.0
Betul,6127.0,6178,6169,6194.0,6269.0,6321,6434,6434,6434,6631,6788,7344.0,7720,8181,8266,8658,6884.0
Bhind,3732.0,3732,3752,3761.0,3787.0,3787,3806,3821,3821,4055,4190,5089.0,5699,6366,6387,6391,4511.0
Bhopal,18473.0,18563,18772,19844.0,20072.0,20412,20617,21108,21115,21752,21955,22628.0,23749,25965,28127,28452,21975.0
Burhanpur,2843.0,2843,2863,2870.0,2888.0,2913,3027,3083,3083,3173,3173,3362.0,3574,3755,3919,3919,3206.0
Chhatarpur,7323.0,7339,7337,7339.0,7339.0,7666,7969,8028,8028,8181,8181,8721.0,9082,9317,9552,9568,8186.0
Chhindwara,11103.0,11103,11072,11072.0,11144.0,11154,11800,12179,12189,12448,12568,13118.0,13537,14089,14519,14693,12362.0
Damoh,3800.0,3835,3817,3835.0,3884.0,3931,4043,4097,4097,4235,4334,4523.0,4960,5181,6108,6639,4457.0
Datia,2890.0,2890,2894,2901.0,2982.0,3007,7555,7556,7567,7668,7737,7941.0,8086,8199,8278,8279,6027.0
Dewas,6708.0,6708,6801,6897.0,6954.0,7000,7915,7916,7928,8161,8162,8590.0,8782,9312,9950,9950,7983.0
Dhar,10447.0,10447,10476,10497.0,10555.0,10639,10756,11010,11525,11741,11757,12149.0,12447,12641,13121,13186,11462.0
Dindori,4621.0,4621,4621,4621.0,4627.0,4639,4704,4783,4783,4882,4895,5116.0,5554,5945,6493,6559,5092.0
Guna,4146.0,4147,4147,4320.0,4696.0,4744,4986,5197,5198,5253,5253,5425.0,5544,5751,5992,6034,5052.0
Gwalior,10432.0,11233,11315,11691.0,11856.0,11921,12571,12635,12647,12955,12984,13487.0,13796,14192,15020,15266,12750.0
Harda,1880.0,1880,1880,1904.0,1925.0,1940,2059,2124,2124,2175,2175,2305.0,2431,2493,2541,2542,2149.0
Hoshangabad,6738.0,6763,6762,6937.0,7016.0,7180,7206,7589,7737,7990,8010,8402.0,8502,8915,9145,9182,7755.0
Indore,18513.0,18518,19129,19975.0,20306.0,20379,21445,21595,21598,22341,23331,25323.0,26936,29215,31427,31472,23219.0
Jabalpur,14164.0,14164,14070,14137.0,14272.0,14444,14703,14852,14895,15462,15473,15987.0,17065,18304,20170,20314,15780.0
Jhabua,5569.0,5569,5567,5594.0,5679.0,5763,6003,6141,6141,6445,6469,6817.0,7121,7407,7838,7929,6378.0
Katni,5061.0,5061,5061,5324.0,5400.0,5495,5498,5710,5710,6049,6187,6390.0,6567,6769,6910,6926,5882.0
Khandwa,4797.0,4797,4834,4861.0,4914.0,4931,5003,5189,5254,5613,5617,5875.0,6019,6123,6301,6301,5402.0
Khargone,6563.0,6569,6586,6615.0,6695.0,6702,7132,7259,7259,7387,7388,7650.0,8074,8535,9076,9133,7414.0
Mandla,4185.0,4186,4131,4606.0,4654.0,4700,4824,4880,4880,5487,5487,5663.0,6391,6736,7316,7349,5342.0
Mandsaur,4140.0,4140,4767,4778.0,4809.0,4830,4946,4960,4969,5293,5320,5867.0,6099,6305,6450,6450,5258.0
Morena,6096.0,6096,6165,7248.0,7341.0,7531,7649,7729,7729,7885,7885,8367.0,8950,9252,9752,9986,7854.0
Narsinghpur,5247.0,5247,5247,5247.0,5278.0,5503,6146,6340,6340,6414,6414,6483.0,6807,6960,7313,7327,6145.0
Neemuch,3760.0,3760,4131,4664.0,4831.0,4886,5162,5351,5358,5495,5529,5828.0,5997,6198,6397,6521,5242.0
Panna,3217.0,3244,3280,3287.0,3308.0,3308,3324,3435,3435,3783,3829,4208.0,4513,4857,5145,5201,3836.0
Raisen,3764.0,3778,3890,4557.0,4575.0,4586,4586,4623,4623,4745,4760,5269.0,5430,5989,6124,6124,4839.0
Rajgarh,5356.0,5356,5358,5375.0,5433.0,5526,5742,5971,6012,6286,6286,6667.0,7087,7535,7760,7804,6222.0
Ratlam,5858.0,5858,5871,5900.0,5921.0,5938,6038,6054,6118,6304,6307,6988.0,7384,7744,8070,8070,6526.0
Rewa,7235.0,7257,7251,7351.0,7494.0,7616,7649,7847,7847,8166,8435,9094.0,9621,10145,10698,10770,8405.0
Sagar,8604.0,8640,9198,9416.0,9438.0,9467,9688,10530,10547,10733,10749,10883.0,11128,12308,12982,12998,10457.0
Satna,7365.0,7378,7373,7378.0,7417.0,7449,7575,7575,7575,7682,7777,8231.0,8555,9510,10023,10276,8071.0
Sehore,5856.0,5856,5896,5880.0,5907.0,5975,6007,6294,6306,6563,6563,6714.0,6819,6992,8085,8085,6487.0
Seoni,4917.0,4917,4920,4917.0,4985.0,5001,5056,5427,5427,5693,5693,6154.0,6595,6864,7089,7089,5672.0
Shahdol,4210.0,4210,4059,4209.0,4247.0,4414,4441,4450,4453,4557,4622,4850.0,5247,5643,6028,6039,4730.0
Shajapur,4472.0,4472,4471,4485.0,4518.0,4560,4663,5031,5031,5437,5437,5490.0,5746,6103,6206,6313,5152.0
Sheopur,2374.0,2633,2644,2647.0,2665.0,2680,2681,2681,2681,2718,2876,2992.0,3149,3255,3301,3301,2830.0
Shivpuri,7230.0,7231,7331,7345.0,7442.0,7536,7657,7790,7855,7964,8138,8460.0,8736,9151,9473,9728,8067.0
Sidhi,4479.0,4479,4478,4478.0,4512.0,4533,4535,4566,4597,4808,4831,5120.0,5387,5605,5788,5788,4874.0
Singrauli,4535.0,4535,4535,4535.0,4587.0,4704,4809,4829,4829,5006,5006,5424.0,5837,6069,6189,6198,5102.0
Tikamgarh,4287.0,4313,4304,4313.0,4336.0,4347,4691,4777,4807,4961,4961,5274.0,5566,5906,6130,6149,4945.0
Ujjain,10466.0,10468,10474,10686.0,10759.0,10860,11165,11265,11286,11777,11946,12568.0,13016,13624,13929,13996,11768.0
Umaria,1754.0,1754,1754,1754.0,1852.0,1857,1857,1877,1877,1926,1999,2382.0,2531,2630,2672,2672,2072.0
Vidisha,5950.0,5950,5950,5951.0,6084.0,6193,6349,6678,6969,7171,7582,7907.0,8384,8657,9356,9384,7157.0
Ahmednagar,20181.0,20376,19863,20432.0,20919.0,21451,22155,22751,22818,23865,23909,24673.0,25684,26540,27015,27036,23104.0
Akola,5316.0,5316,5459,6544.0,6584.0,6624,6903,7082,7102,7187,7237,7447.0,7613,7757,7784,7840,6862.0
Amravati,8603.0,8611,8970,9212.0,9396.0,9573,9906,10348,10475,11210,11262,12020.0,12680,13415,13543,13543,10798.0
Aurangabad,38302.0,38303,37689,38247.0,40968.0,41437,42001,42981,43615,44350,44383,45007.0,46037,46768,47126,47126,42771.0
Beed,7105.0,7105,8182,8704.0,8822.0,8879,9287,9656,9657,10023,10051,10410.0,10956,11323,11362,11387,9557.0
Bhandara,5588.0,5588,6823,6848.0,6901.0,6901,6949,7007,7009,7056,7057,7242.0,7536,7724,7907,7910,7003.0
Buldhana,5430.0,5449,5471,5587.0,6372.0,7207,7657,8422,8472,8774,8774,9178.0,9681,9894,10060,10439,7929.0
Chandrapur,10486.0,11011,11025,12473.0,12545.0,12615,12729,12931,12979,13251,13252,13705.0,14029,14517,14517,14607,12917.0
Dhule,7741.0,7741,8357,8789.0,8813.0,8838,9021,9173,9173,9354,9360,9730.0,10106,10503,10503,10572,9236.0
Gadchiroli,8908.0,8908,8781,9461.0,10001.0,10047,10108,10280,10286,10527,10527,10954.0,11172,11419,11712,11732,10301.0
Gondia,5088.0,5088,4936,4959.0,5056.0,5063,5269,5402,5409,5592,5608,5784.0,6046,6194,6222,6307,5501.0
Hingoli,5174.0,5175,5330,5430.0,5542.0,5596,5707,5836,5841,5972,5972,6155.0,6747,6948,6974,7110,5969.0
Jalgaon,12521.0,12521,14992,15404.0,15551.0,16274,16753,17608,17639,18355,18368,18857.0,19252,19863,19871,19937,17110.0
Jalna,7575.0,7575,7951,8133.0,8204.0,8282,8421,8703,8703,9036,9036,9271.0,9451,9645,9645,9645,8705.0
Kolhapur,24484.0,24613,24046,25336.0,25732.0,25803,26360,26766,26776,27552,27576,28279.0,29327,30214,30312,30320,27094.0
Latur,10910.0,10911,12437,12593.0,12639.0,12716,12978,13172,13172,13393,13393,13728.0,14118,14567,14581,14611,13120.0
Mumbai,215157.0,215940,211451,226148.0,228819.0,232235,236744,240379,240995,246165,246933,253411.0,258827,267183,273587,274711,241793.0
Nagpur,26254.0,26296,26334,28322.0,28772.0,29251,30078,30605,30636,31682,31898,33186.0,34286,35026,35285,35450,30835.0
Nanded,10091.0,10091,9608,10155.0,10248.0,10286,10779,11055,11076,11479,11555,12194.0,12494,12735,12806,12807,11216.0
Nandurbar,6645.0,6645,7603,7760.0,7825.0,7859,8377,8657,8657,9325,9325,9575.0,9809,10016,10017,10017,8632.0
Nashik,28139.0,28139,30050,30474.0,30986.0,31553,32391,33186,33451,34428,34650,35717.0,37604,38752,38803,38886,33576.0
Osmanabad,5100.0,5100,5129,5613.0,5640.0,5640,5700,5730,5730,5779,5781,5898.0,5988,6096,6105,6117,5697.0
Palghar,16821.0,16821,17076,17225.0,17624.0,17736,17996,18140,18141,18390,18390,18626.0,18887,19264,19264,19264,18104.0
Parbhani,4436.0,4460,4885,5021.0,5193.0,5194,5413,5681,5683,5854,5854,6115.0,6293,6540,6566,6602,5612.0
Pune,148218.0,148218,141774,150089.0,155801.0,155959,160406,164413,164732,167985,168138,173199.0,175388,178439,179885,180661,163332.0
Raigad,11495.0,11542,11520,11649.0,11693.0,11702,11784,11880,11880,12093,12116,12572.0,12866,13043,13118,13342,12143.0
Ratnagiri,9760.0,9760,9425,9516.0,10032.0,10381,11206,11402,11402,11692,11692,11832.0,11983,12152,12152,12152,11034.0
Sangli,15603.0,15603,15262,15587.0,16226.0,16348,16830,17198,17232,17983,17983,18671.0,19328,19719,19773,19928,17455.0
Satara,14502.0,14502,14519,14620.0,14887.0,14918,15194,15431,16339,17507,17507,17782.0,18337,18845,19067,19084,16440.0
Sindhudurg,7374.0,7377,7488,7714.0,7814.0,7899,7987,8100,8117,8597,8597,8882.0,9046,9232,9333,9766,8333.0
Solapur,22016.0,22016,21948,22282.0,22667.0,23074,23691,24150,24269,24918,24933,25533.0,26242,27058,27240,27459,24344.0
Thane,67065.0,67352,64115,67616.0,68639.0,69359,72135,73342,73845,75918,76378,78028.0,80326,83283,83853,84124,74086.0
Wardha,8969.0,8969,10086,10208.0,10392.0,10392,10554,10726,10726,11319,11319,11790.0,12273,12734,12950,12950,11022.0
Washim,3616.0,3616,3501,3583.0,3643.0,3643,3753,3981,3998,4102,4270,4488.0,4730,4902,5004,5547,4149.0
Yavatmal,7976.0,7976,9171,9232.0,9350.0,9383,9413,9748,9759,9821,9821,10183.0,10464,10631,10639,10639,9638.0
Bishnupur,2646.0,2646,2450,2533.0,4889.0,4889,4975,5255,5355,5442,5442,5447.0,5453,5517,5517,5574,4627.0
Chandel,4937.0,6081,6054,6072.0,6346.0,6382,6495,6521,6581,6608,6608,6611.0,6611,6611,6611,6630,6360.0
Churachandpur,8030.0,8282,8933,9270.0,9327.0,9399,9451,9576,9601,9978,9992,10002.0,10072,10072,10083,10120,9512.0
Imphal East,9714.0,12618,14128,16486.0,17410.0,17419,17644,17816,17925,18106,18108,18219.0,18221,18614,18638,18805,16867.0
Imphal West,18617.0,18628,23962,25296.0,26271.0,26332,26479,26720,26739,26852,26852,27021.0,27025,27081,27387,27616,25555.0
Jiribam,1652.0,1652,1589,1589.0,1597.0,2062,2125,2063,2063,2263,2263,2063.0,2063,2263,2087,2087,1968.0
Kakching,2000.0,3121,3074,3088.0,3092.0,3092,3167,3115,3118,3235,3235,3118.0,3118,3235,3171,3171,3072.0
Kamjong,2298.0,2303,2306,2387.0,2388.0,2388,2388,2388,2388,2506,2506,2484.0,2484,2506,2484,2484,2418.0
Kangpokpi,2291.0,2778,2648,2831.0,2831.0,2832,3013,2839,2839,3253,3253,2839.0,2839,3253,2839,2839,2876.0
Noney,1741.0,1741,2036,2036.0,2036.0,2081,2108,2121,2168,2364,2369,2180.0,2180,2369,2180,2180,2118.0
Pherzawl,609.0,609,648,649.0,649.0,649,669,649,649,751,751,649.0,662,764,662,662,668.0
Senapati,3318.0,3318,3915,4177.0,4188.0,4188,4222,4313,4313,4356,4383,4386.0,4386,4478,4597,4601,4196.0
Tamenglong,1559.0,1559,2379,2380.0,2483.0,2483,2489,2544,2620,3562,3562,3562.0,3562,3562,3562,3562,2839.0
Tengnoupal,2886.0,2899,2883,2878.0,2878.0,3336,3379,3358,3377,3505,3505,3417.0,3417,3505,3418,3419,3254.0
Thoubal,5353.0,5466,6948,7173.0,7197.0,7198,7280,7303,7332,7398,7398,7402.0,7405,7411,7413,7413,7068.0
Ukhrul,3425.0,3427,3427,4432.0,4502.0,4503,4516,4575,4575,4575,4575,4575.0,4575,4580,4730,4730,4358.0
East Garo Hills,1352.0,1395,795,944.0,965.0,966,1137,1141,1452,1481,1482,1491.0,1506,1506,1506,1506,1289.0
East Jaintia Hills,736.0,736,743,758.0,941.0,953,1063,1063,1064,1078,1078,1086.0,1103,1118,1181,1181,993.0
East Khasi Hills,22672.0,22694,19671,21749.0,22014.0,22227,22861,23738,24309,24475,24488,24551.0,24681,24705,24768,24845,23403.0
North Garo Hills,969.0,969,920,1007.0,1008.0,1029,1045,1070,1070,1073,1073,1073.0,1081,1082,1082,1085,1040.0
Ribhoi,2540.0,2551,2194,2476.0,2476.0,2518,2695,2929,2935,3035,3035,3035.0,3085,3135,3135,3135,2807.0
South Garo Hills,2032.0,1980,1947,1947.0,1948.0,1176,1182,1207,1207,1207,1207,1207.0,1213,1220,1220,1220,1445.0
South West Garo Hills,1259.0,1283,1284,1403.0,1421.0,1421,1428,1428,1428,1428,1428,1454.0,1505,1506,1542,1542,1422.0
South West Khasi Hills,659.0,639,639,688.0,688.0,321,346,346,346,350,350,367.0,376,385,385,385,454.0
West Garo Hills,11670.0,11670,11454,11644.0,11668.0,11695,11769,11818,11853,11873,12026,12091.0,12136,12136,12176,12208,11868.0
West Jaintia Hills,2237.0,2237,2134,2161.0,2164.0,2164,2213,2225,2226,2321,2321,2333.0,2335,2338,2353,2353,2257.0
West Khasi Hills,2068.0,2068,1983,1999.0,2001.0,2030,2030,2030,2030,2103,2103,2119.0,2136,2245,2245,2245,2090.0
Aizawl,4024.0,4047,3803,3909.0,3948.0,4049,4164,5440,7946,9644,9714,9826.0,9905,10068,10085,10085,6916.0
Aizawl,2957.0,2984,2991,3005.0,3006.0,3054,3191,4578,5366,6840,6849,7030.0,7282,7440,7546,7546,5104.0
Champhai,945.0,945,945,,,966,1014,1210,2221,3086,3106,3232.0,3275,3383,3383,3383,2221.0
Kolasib,685.0,685,685,685.0,687.0,725,809,1602,2485,2632,2632,2632.0,2632,2632,2632,2632,1717.0
Lawngtlai,837.0,837,837,854.0,868.0,912,942,1040,1106,1259,1259,1259.0,1324,1324,1324,1324,1082.0
Lunglei,3534.0,4279,4126,4323.0,4374.0,4442,4452,5354,5792,6161,6161,6280.0,6281,6482,6544,6544,5321.0
Mamit,709.0,709,712,659.0,660.0,664,684,1039,2625,2625,2625,2632.0,2638,2678,2717,2717,1693.0
Serchhip,2708.0,2737,2784,2795.0,2795.0,2764,2868,2975,3537,3561,3563,3599.0,3645,3651,3651,3651,3205.0
Saiha,432.0,432,432,,432.0,432,443,601,626,1128,1128,1217.0,1301,1355,1355,1355,845.0
Dimapur,11152.0,11313,11260,11579.0,11628.0,11932,13796,16120,16129,16588,16599,16623.0,16676,16679,16791,16791,14478.0
Kiphire,1488.0,1518,1515,1550.0,1554.0,1554,1897,2924,3088,3088,3089,3106.0,3106,3106,3106,3150,2427.0
Kohima,6023.0,6081,5872,6056.0,6154.0,7053,8517,9518,9731,10879,10929,11277.0,11604,11610,11614,11614,9033.0
Longleng,527.0,527,515,522.0,522.0,522,769,1360,1360,1361,1362,1367.0,1367,1367,1367,1415,1014.0
Mokokchung,3376.0,3376,3421,3559.0,3689.0,3800,4853,5872,6806,7147,7158,7175.0,7175,7175,7198,7198,5561.0
Mon,2417.0,2418,2394,2494.0,2563.0,2580,4122,4223,4348,4485,4485,4497.0,4497,4805,4831,4831,3749.0
Peren,1333.0,1334,1243,1279.0,1342.0,1342,1723,2801,2811,2921,2921,2926.0,2926,2927,3026,3026,2243.0
Phek,2542.0,2542,2542,2567.0,2628.0,2628,4213,4214,4215,4218,4218,4259.0,4301,4301,4301,4301,3624.0
Tuensang,3589.0,3589,3610,3712.0,3734.0,3734,4616,4805,5804,5968,5968,5982.0,5982,5982,6237,6237,4972.0
Wokha,1754.0,1761,1790,1865.0,1911.0,1911,1913,2426,2432,3621,3623,3631.0,3631,3631,3665,3680,2703.0
Zunheboto,2442.0,3096,3074,3203.0,3252.0,3252,3262,5019,5029,5160,5160,5160.0,5160,5161,5383,5383,4262.0
Angul,7788.0,7790,7796,7869.0,8467.0,8779,9743,10115,10217,11641,11658,11719.0,11976,12117,12280,12280,10140.0
Balangir,8777.0,8887,8852,9059.0,9059.0,9548,11080,11177,11640,12714,12736,12742.0,12857,13001,13125,13125,11149.0
Balasore,12242.0,12456,12447,13233.0,13290.0,15855,16214,16845,16993,17567,17598,17740.0,18008,18248,18272,18272,15955.0
Bargarh,10068.0,10072,10072,10349.0,10558.0,10722,12287,12471,12705,12918,12940,12974.0,13027,13103,13179,13179,11914.0
Bhadrak,5963.0,5963,5963,6198.0,6209.0,6310,6612,7963,7992,8285,8286,8313.0,9561,9642,9642,9642,7659.0
Boudh,3422.0,3422,3479,3481.0,3481.0,3481,3947,3956,3967,3989,3989,3994.0,4010,4062,4132,4132,3809.0
Cuttack,29827.0,29921,29896,30209.0,30498.0,31499,31776,33855,34123,35334,35378,35451.0,35874,36452,36660,36660,33338.0
Deogarh,2662.0,2662,2529,2529.0,2560.0,2723,2892,3416,3465,3557,3557,3559.0,3686,3700,3700,3700,3181.0
Dhenkanal,5836.0,5935,5938,6027.0,6206.0,6646,7693,7785,7821,7917,7917,7918.0,7936,8097,8097,8097,7242.0
Gajapati,5639.0,5646,5717,5717.0,5717.0,5719,6107,6633,6736,6828,6969,6977.0,6993,7027,7037,7076,6409.0
Ganjam,21442.0,21648,21867,22012.0,22240.0,22632,24184,25797,26055,26532,26548,26838.0,27139,27192,27311,27311,24797.0
Jagatsinghpur,7172.0,7172,7076,7284.0,7319.0,7456,7939,7939,7939,8779,8779,8783.0,8903,9063,9063,9063,8108.0
Jajpur,10811.0,10946,10949,10950.0,11030.0,11189,11217,12854,13014,13449,14121,14480.0,14590,14797,14797,14797,12749.0
Jharsuguda,6070.0,6092,5997,6200.0,6221.0,7087,7375,7380,7428,7555,7555,7555.0,7555,7555,7585,7585,7050.0
Kalahandi,10545.0,10547,10664,10799.0,10838.0,11338,11833,13526,13587,14134,14134,14277.0,14386,14415,14415,14419,12741.0
Kandhamal,7324.0,7505,7527,7630.0,7630.0,8250,8527,9736,10048,10169,10187,10329.0,10460,10504,10504,10504,9177.0
Kendrapara,6233.0,6233,6235,6255.0,6383.0,6590,6780,7552,7645,8185,8246,8258.0,8259,8489,8489,8508,7396.0
Kendujhar,11049.0,11049,11049,11214.0,11616.0,12136,12438,14187,14196,14369,14369,14408.0,14563,14568,14568,14568,13147.0
Khordha,36534.0,36829,36711,38103.0,38738.0,40921,42964,44746,45918,46554,46966,48020.0,48832,49434,50246,50319,43865.0
Koraput,15440.0,16689,16732,16868.0,16993.0,17525,17700,19521,19685,20349,20414,20463.0,21177,21180,21187,21188,18944.0
Malkangiri,7696.0,9836,9906,9981.0,10095.0,10974,11151,11438,11778,11867,11958,12006.0,12148,12203,12203,12203,11090.0
Mayurbhanj,17111.0,17365,17346,17459.0,17606.0,18297,19819,20553,20623,21706,21785,21936.0,22715,23609,23725,23741,20337.0
Nabarangapur,7682.0,7682,7759,7784.0,7786.0,8403,9514,10203,10575,10811,10826,10860.0,10919,11125,11208,11208,9647.0
Nayagarh,5088.0,5088,5063,5098.0,5338.0,5647,6603,6665,6748,6973,6973,7020.0,7315,7499,7562,7563,6390.0
Nuapada,5725.0,5746,5804,5879.0,5906.0,6161,6764,6976,6990,7105,7105,7105.0,7280,7304,7471,7515,6677.0
Puri,11535.0,11535,11520,11521.0,11521.0,11522,11556,12517,12517,12929,12929,12929.0,13491,13714,13957,14036,12483.0
Rayagada,8012.0,8205,8203,8394.0,8511.0,8845,9182,10018,10088,10529,10532,10703.0,10812,10974,10980,10980,9686.0
Sambalpur,11082.0,11083,11108,11588.0,11709.0,12344,13037,14043,14393,14668,14864,15008.0,16155,16353,16669,16669,13798.0
Subarnapur,4929.0,4956,4918,4983.0,5038.0,5221,5233,6463,6472,6608,6647,6648.0,6695,6738,6738,6738,5939.0
Sundargarh,21528.0,21624,21432,21581.0,22337.0,22993,23494,26001,26164,27705,27705,27867.0,28185,28464,28664,28766,25282.0
Karaikal,334.0,334,278,289.0,289.0,301,666,674,674,674,674,688.0,725,739,839,839,564.0
Mahe,671.0,671,670,727.0,727.0,770,970,1046,1047,1064,1064,1073.0,1097,1158,1222,1222,950.0
Puducherry,12058.0,12066,10329,11507.0,11532.0,13645,14500,14638,15045,15399,15414,15487.0,15636,16244,16767,16767,14190.0
Yanam,134.0,134,133,169.0,169.0,179,384,430,439,445,445,452.0,455,463,467,468,335.0
Amritsar,11520.0,11546,11317,11423.0,11659.0,12418,13327,13999,14527,16247,16366,17336.0,18565,19928,20518,20526,15076.0
Barnala,1973.0,1975,1604,1699.0,1716.0,1815,2019,2221,2221,2367,2368,2396.0,2420,2427,2512,2521,2141.0
Bathinda,9939.0,9941,9413,9743.0,9826.0,10013,10237,10447,10642,11014,11112,11756.0,12464,13326,13412,13413,11044.0
Faridkot,2893.0,2894,2891,2933.0,2949.0,3091,3230,3251,3276,3302,3313,3364.0,3435,3503,3546,3638,3219.0
Fatehgarh Sahib,2436.0,2437,2290,2402.0,2464.0,2551,2749,2803,2821,3224,3224,3242.0,3606,3732,3817,3891,2981.0
Fazilka,6128.0,6222,5958,6386.0,6408.0,6587,6785,6819,6819,6886,6914,7020.0,7047,7277,7277,7277,6738.0
Ferozepur,6990.0,6994,4616,4886.0,4891.0,4956,5144,5561,5731,5891,5892,6158.0,6632,6913,7280,7284,5989.0
Gurdaspur,8009.0,8009,7879,8059.0,8115.0,8180,8318,8488,8549,8698,9041,9070.0,9256,9422,9600,9600,8643.0
Hoshiarpur,5934.0,5951,5467,5873.0,5906.0,6057,6155,6231,6336,6518,6550,6632.0,6986,7236,7605,7785,6451.0
Jalandhar,16089.0,16099,16070,16322.0,16374.0,16729,18374,19597,20873,22397,22516,23197.0,23779,24276,24625,24625,20121.0
Kapurthala,2778.0,2778,2636,2747.0,2753.0,2839,2876,2937,2994,3139,3139,3236.0,3253,3445,3574,3574,3044.0
Ludhiana,20372.0,20378,20557,20811.0,20846.0,21185,21955,23205,23923,25268,25269,28136.0,29878,32164,34259,34332,25159.0
Mansa,2661.0,2661,2348,2675.0,2695.0,2707,2733,2733,2733,2755,2755,2869.0,3011,3020,3020,3020,2775.0
Moga,1418.0,1418,1336,1362.0,1367.0,1397,1576,1726,1738,1894,1902,2032.0,2082,2155,2178,2178,1735.0
Pathankot,6790.0,6791,6775,6863.0,6938.0,7188,7508,7838,7972,8237,8237,8478.0,8579,8676,8799,8799,7779.0
Patiala,12635.0,12641,12665,13112.0,13322.0,13484,13952,14382,14465,14802,14802,15097.0,15256,15853,16174,16380,14314.0
Rupnagar,2032.0,2032,2030,2092.0,2092.0,2290,2433,2577,2579,2944,2944,3145.0,3286,3503,3506,3506,2687.0
Sangrur,4132.0,4179,3886,4175.0,4176.0,4459,4577,4793,4831,5494,5519,5691.0,6029,6320,6482,6482,5077.0
S.A.S. Nagar,9189.0,10064,9000,9545.0,9661.0,9758,10155,10205,10206,11077,11077,11203.0,11332,11400,11411,11443,10420.0
Shahid Bhagat Singh Nagar,1583.0,1584,1500,1681.0,1725.0,1880,1983,2056,2109,2299,2299,2463.0,2616,2811,3151,3151,2181.0
Sri Muktsar Sahib,1357.0,1357,1283,1523.0,1541.0,1633,1693,1768,1768,1960,1968,2368.0,2619,2710,2962,2962,1967.0
Tarn Taran,9251.0,9251,9241,9282.0,9282.0,9553,9636,9887,9888,9918,9923,10010.0,10242,10409,10488,10488,9797.0
Ajmer,15166.0,15185,15184,16175.0,16691.0,16948,18693,18990,19730,20747,20971,22199.0,23215,24399,24610,24911,19613.0
Alwar,19936.0,19936,19888,20090.0,20483.0,21132,21519,22419,23042,23726,23909,25493.0,26936,27785,28638,28775,23357.0
Banswara,9177.0,9177,9805,9997.0,9997.0,10007,10119,10272,10500,11187,11465,12405.0,12730,13281,13299,13360,11049.0
Baran,8105.0,8105,8104,8133.0,8134.0,8137,8236,8425,8940,9238,9238,9473.0,9627,10274,10868,11302,9021.0
Barmer,11867.0,11870,11823,12019.0,12053.0,12065,12641,13287,13674,15487,15493,16204.0,16628,17109,17163,20130,14345.0
Bharatpur,7921.0,7931,7930,7987.0,8123.0,8123,8223,8631,9220,9611,9621,10495.0,10784,11484,11502,12473,9379.0
Bhilwara,15599.0,15599,15600,15689.0,15734.0,15788,15897,16739,17162,17937,17998,19294.0,19749,20891,22671,22681,17814.0
Bikaner,9020.0,9066,9132,9328.0,9375.0,9378,9866,10260,10823,11661,11702,12339.0,12676,13092,13333,14048,10944.0
Bundi,6915.0,6921,7017,7062.0,7138.0,7156,7691,7939,8248,8955,8971,9887.0,9928,10358,10794,11188,8510.0
Chittorgarh,10701.0,10706,10708,10747.0,10747.0,10753,11754,11926,12083,13085,13112,13699.0,13895,14344,14359,14359,12311.0
Churu,8454.0,8454,8505,8563.0,8599.0,8621,8995,9221,9401,10331,10365,10779.0,10825,11228,11390,11390,9695.0
Dausa,4595.0,4595,5306,5361.0,5485.0,5618,5693,5962,6217,6651,6653,6773.0,6879,7426,7835,7835,6180.0
Dholpur,5150.0,5150,5150,5625.0,5687.0,5747,5807,6240,6602,6818,6830,7038.0,7039,7244,7692,7880,6356.0
Dungarpur,6163.0,6166,6455,6579.0,6587.0,6631,6718,7115,7400,8109,8235,8915.0,9009,9689,9690,9737,7700.0
Hanumangarh,5989.0,5990,6025,6078.0,6078.0,6092,6179,6360,6630,7268,7268,7681.0,7721,8082,8082,8618,6884.0
Jaipur,41559.0,41874,38909,39542.0,39750.0,41044,44064,49877,51803,58861,58961,61777.0,64148,68523,70456,70754,52619.0
Jaipur,15033.0,15033,15701,15835.0,15835.0,15868,16400,17247,18161,18377,18714,19683.0,21526,23703,23761,23761,18415.0
Jaisalmer,4689.0,4689,4689,4775.0,4775.0,5045,5097,5259,5358,5575,5781,5914.0,5935,6269,6899,7102,5491.0
Jalore,6353.0,6391,6426,6475.0,6475.0,6475,6560,6805,7371,7957,7957,8465.0,8484,9217,9219,9461,7506.0
Jhalawar,9387.0,9387,9386,9425.0,9797.0,9810,9858,9996,10258,10972,10972,11964.0,12297,12847,13120,13804,10830.0
Jhunjhunu,8664.0,8664,8686,8746.0,8746.0,9342,9494,9697,10063,10408,10415,11226.0,11595,13051,13300,13300,10337.0
Jodhpur,19535.0,19544,19541,19772.0,19777.0,19803,19988,20376,20796,21263,21312,22670.0,23815,26312,26704,27078,21768.0
Karauli,5109.0,5109,5120,5544.0,5544.0,5705,5812,6060,6497,6820,6820,7002.0,7122,8202,8283,8867,6476.0
Kota,13005.0,13028,13134,13228.0,13228.0,13706,13779,13973,14616,16556,16672,17225.0,18143,18792,19290,19879,15516.0
Nagaur,17724.0,17836,17697,17994.0,17994.0,18006,18502,18809,19321,20856,20856,21424.0,21484,22224,22224,23118,19754.0
Pali,11030.0,11071,11007,11231.0,11231.0,12032,12818,13176,13501,14243,15048,15543.0,15786,16413,16413,16585,13570.0
Pratapgarh,3039.0,3042,3059,3109.0,3142.0,3191,3454,3634,3770,4053,4113,4689.0,5262,5422,5793,5805,4036.0
Rajsamand,7825.0,7825,7818,7896.0,7920.0,8163,8223,8385,8546,8741,8818,9235.0,9353,9610,9751,9765,8617.0
Sawai Madhopur,5450.0,5456,5456,5506.0,5529.0,5529,5834,5977,6436,6866,6866,7422.0,7465,7832,7835,8627,6505.0
Sikar,8449.0,8449,8445,8546.0,8546.0,8742,9055,9288,9639,10687,10817,11893.0,12278,13574,13978,14054,10402.0
Sirohi,3961.0,4063,4029,4080.0,4120.0,4137,4188,4331,4575,4943,5170,5472.0,5486,6058,6058,6062,4796.0
Ganganagar,12441.0,12456,12449,12589.0,12589.0,12595,12742,13102,13412,14086,14387,15442.0,15888,16688,16793,16799,14029.0
Tonk,8226.0,8226,8209,8333.0,8333.0,8342,8431,8540,8786,9677,9677,10410.0,11119,11711,12732,12959,9607.0
Udaipur,25201.0,25201,24989,25336.0,25336.0,25387,25704,26072,26614,30143,30269,33970.0,38370,41551,45522,45726,30962.0
East Sikkim,8082.0,8475,9179,9491.0,9583.0,9618,9643,10121,10156,10488,10515,10592.0,10680,10767,10777,10777,9934.0
North Sikkim,2103.0,2103,2069,2071.0,2071.0,2051,2124,2127,2127,2127,2127,2170.0,2222,2246,2250,2250,2140.0
South Sikkim,2472.0,2475,2475,3009.0,3034.0,3034,3056,3057,3057,3059,3059,3177.0,3316,3323,3323,3323,3016.0
West Sikkim,3437.0,3437,3382,3524.0,3840.0,3851,3874,4214,4216,4294,4294,4294.0,4330,4337,4337,4337,4000.0
Pudukkottai,450.0,450,452,541.0,583.0,628,637,648,648,651,659,673.0,675,696,815,818,626.0
Ariyalur,1889.0,1889,1875,1892.0,1903.0,1958,2021,2021,2130,2164,2171,2209.0,2280,2407,2630,2684,2133.0
Salem,1876.0,1876,1876,1876.0,1907.0,1993,2033,2073,2087,2091,2243,2310.0,2391,2576,2878,2955,2190.0
Chengalpattu,6821.0,6821,6820,6835.0,6875.0,7032,7268,7336,7409,7502,7645,7844.0,7948,8045,8135,8478,7426.0
Chennai,32951.0,33132,27967,32011.0,33089.0,34214,36988,40680,42152,49422,50213,51077.0,52586,53899,55808,56260,42653.0
Tiruvannamalai,1013.0,1013,1022,1063.0,1139.0,1159,1175,1182,1185,1210,1250,1274.0,1335,1379,1423,1423,1203.0
Coimbatore,22887.0,22887,19511,22221.0,22326.0,22334,23358,23450,23813,23908,23907,24793.0,25467,25939,26288,26763,23741.0
Cuddalore,5387.0,5401,5358,5466.0,5587.0,5712,5881,5923,5921,6018,6118,6170.0,6853,7077,7609,7761,6140.0
Dharmapuri,3272.0,3272,3243,3244.0,3384.0,3421,3466,3599,3679,3730,3826,3927.0,4237,4412,4551,4660,3745.0
Dindigul,5618.0,5625,5188,5577.0,5580.0,5846,6058,6231,6240,6348,6372,6508.0,6643,6936,7279,7342,6212.0
Erode,2780.0,2780,2776,2807.0,2842.0,3020,3146,3451,3459,3491,3561,3793.0,4087,4165,4249,4250,3416.0
Kallakurichi,3049.0,3049,3030,3050.0,3050.0,3064,3097,3112,3114,3126,3135,3171.0,3202,3256,3341,3652,3156.0
Kancheepuram,3370.0,3370,3237,3313.0,3331.0,3388,3473,3509,3702,3838,3909,4026.0,4141,4442,4803,4803,3791.0
Kanyakumari,18747.0,18747,17539,18119.0,18197.0,18304,18465,18865,18880,18903,18913,18965.0,19096,19306,19728,19770,18784.0
Karur,4894.0,4907,4911,4926.0,4964.0,5003,5043,5103,5116,5156,5180,5233.0,5277,5553,5975,5975,5201.0
Thoothukkudi,612.0,617,632,685.0,712.0,724,741,765,769,778,782,794.0,827,863,901,907,757.0
Krishnagiri,4597.0,4651,4649,4650.0,4677.0,4828,4935,4989,5002,5044,5162,5311.0,5658,5935,6162,6251,5156.0
Madurai,17331.0,17331,14145,16586.0,16845.0,17370,18813,19011,19145,19745,19997,20870.0,21780,21969,22789,22862,19162.0
Nagapattinam,3381.0,3381,3364,3380.0,3388.0,3407,3516,3522,3524,3917,3919,4276.0,4324,4350,4762,4765,3824.0
Namakkal,4852.0,4852,4853,4891.0,4977.0,5104,5130,5204,5204,5221,5231,5292.0,5320,5419,5478,5482,5157.0
Nilgiris,3113.0,3113,3113,3133.0,3183.0,3282,3602,3933,4010,4098,4180,4452.0,4738,5016,5174,5257,3962.0
Dindigul,1781.0,1782,1708,1709.0,1710.0,1756,1854,1873,1898,1905,1955,2024.0,2055,2106,2120,2123,1897.0
Ramanathapuram,603.0,603,603,844.0,923.0,988,1016,1044,1061,1095,1172,1202.0,1248,1365,1562,1562,1056.0
Perambalur,967.0,967,939,939.0,1044.0,1173,1234,1261,1262,1327,1344,1437.0,1536,1590,1600,1674,1268.0
Thiruvallur,707.0,710,581,720.0,755.0,853,858,900,901,903,996,1036.0,1235,1294,1318,1318,943.0
Pudukkottai,2492.0,1499,1430,1560.0,1593.0,1612,1643,1674,1675,1681,1711,1740.0,1801,1837,1873,1913,1733.0
Ramanathapuram,3979.0,3980,4271,4276.0,4319.0,4326,4376,4379,4382,4393,4637,4704.0,4764,4957,5179,5185,4507.0
Ranipet,1329.0,1329,1305,1347.0,1366.0,1414,1416,1438,1439,1441,1455,1473.0,1483,1489,1511,1513,1422.0
Salem,11237.0,11242,10455,10658.0,10658.0,10782,11150,11384,11541,11596,11613,11809.0,12068,12861,14269,14487,11738.0
Sivaganga,7155.0,7159,7160,5418.0,4617.0,4690,4831,4894,4998,5023,5137,5326.0,5674,6534,7385,7702,5856.0
Virudhunagar,1876.0,1876,1855,1860.0,1985.0,1987,2027,2032,2083,2094,2219,2366.0,2519,3025,3267,3285,2272.0
Tenkasi,1441.0,1441,1439,1440.0,1450.0,1514,1542,1559,1563,1581,1598,1707.0,1786,1886,2028,2196,1636.0
Thanjavur,11856.0,11856,12109,12263.0,12275.0,12350,12407,12456,12548,12745,13001,13563.0,13847,15016,15360,16286,13121.0
Theni,2820.0,2820,2608,2781.0,2927.0,3008,3142,3361,3375,3395,3445,3630.0,3774,3981,4200,4258,3345.0
Thoothukkudi,8836.0,8836,8337,8601.0,8714.0,8879,9459,9563,9611,9736,9861,10115.0,10226,10385,10574,10580,9520.0
Tiruchirappalli,9681.0,9682,8970,9681.0,9681.0,10466,10625,10712,10778,10852,10887,11138.0,11320,11366,12503,12516,10679.0
Tirunelveli,10297.0,10297,9785,10309.0,10325.0,10352,10413,10433,10494,10495,10515,10522.0,10578,10699,10815,11175,10469.0
Tirupathur,1746.0,1746,1748,1789.0,1869.0,1907,2005,2081,2105,2125,2172,2238.0,2275,2356,2423,2690,2080.0
Tiruppur,4204.0,4204,3990,4016.0,4186.0,4235,4279,4322,4629,4651,4835,4972.0,5384,5686,5973,6347,4745.0
Thiruvallur,7536.0,7536,6472,7465.0,7552.0,7717,7861,7916,7948,7965,7993,8153.0,8250,8472,8724,8734,7893.0
Tiruvannamalai,2144.0,2144,2005,2173.0,2186.0,2326,2455,2555,2569,2600,2620,2765.0,2815,2952,3381,3389,2567.0
Thiruvarur,2826.0,2841,2841,2842.0,2997.0,3010,3347,3387,3413,3416,3497,3548.0,3681,3694,4029,4166,3346.0
Vellore,9269.0,9271,8356,8833.0,8935.0,9039,9568,10478,10705,10782,10814,11132.0,11301,19794,20321,20318,11807.0
Viluppuram,4509.0,4509,4509,4513.0,4513.0,4662,4671,4713,4713,4724,4749,4765.0,4807,4819,5357,6254,4799.0
Virudhunagar,4589.0,4589,4871,4882.0,4894.0,4941,4950,4950,5018,5044,5049,5159.0,5278,5372,5519,5547,5041.0
Adilabad,5186.0,5188,5187,6029.0,6046.0,6844,7057,7131,7140,7273,7433,7445.0,7567,7607,7653,7656,6778.0
Bhadradri Kothagudem,9891.0,10188,9347,9628.0,10841.0,11013,11565,11565,11769,12165,12165,12181.0,12189,12194,12370,12370,11340.0
Hyderabad,57865.0,57897,58289,58817.0,59280.0,61764,65042,67287,67605,74768,75069,76420.0,85154,95890,97047,97047,72203.0
Jagtial,4443.0,4585,4581,4768.0,4773.0,4972,5383,5387,5801,6258,6258,6263.0,6373,6477,6546,6546,5588.0
Jangaon,1908.0,1908,1886,1963.0,2021.0,2651,3246,3246,3269,3477,3477,3505.0,3636,3658,3718,3718,2955.0
Jayashankar Bhupalapally,1635.0,1529,1528,1806.0,1876.0,2183,2267,2273,2288,2378,2378,2385.0,2470,2470,2470,2470,2150.0
Jogulamba Gadwal,2216.0,2237,2302,2395.0,2644.0,2776,3420,3420,3485,3486,3661,3661.0,3708,3708,3855,3855,3177.0
Kamareddy,3803.0,3875,3901,4226.0,4226.0,4348,5324,5324,5325,5808,5811,6023.0,6102,6147,6606,6606,5216.0
Karimnagar,7929.0,7939,7988,8621.0,8651.0,9166,9840,9904,10694,11635,11637,11707.0,12108,13206,14289,14364,10605.0
Khammam,7827.0,7847,7840,8708.0,8743.0,9141,9383,9392,9969,11583,11697,11725.0,12142,12303,12486,12511,10206.0
Komaram Bheem,2994.0,2960,2863,3086.0,3092.0,3289,4248,4248,4351,4522,4525,4536.0,4557,4557,4703,5007,3971.0
Mahabubabad,4747.0,4747,4744,4791.0,4791.0,4903,5314,5314,5318,5484,5651,5882.0,6014,6016,6016,6016,5359.0
Mahabubnagar,7052.0,7052,7107,7458.0,7503.0,7769,8227,8249,8269,9109,9176,9227.0,9849,10392,10957,10959,8647.0
Mancherial,4974.0,4998,4998,5370.0,5370.0,5617,5703,5728,5740,5849,5900,5910.0,6008,6285,6355,6511,5707.0
Medak,2611.0,2626,2622,3178.0,3333.0,3740,3882,3926,3933,3982,3982,3986.0,3990,3990,3990,3990,3610.0
Medchal Malkajgiri,14252.0,14793,14918,15418.0,15733.0,16402,17252,17434,17493,19392,22166,22475.0,23940,24888,25731,26064,19272.0
Mulugu,1814.0,1814,1848,2309.0,2309.0,2651,2879,2883,2906,2939,2961,2961.0,2961,3003,3003,3003,2640.0
Nagarkurnool,3130.0,3130,3246,3451.0,3504.0,3861,4404,4406,4411,4588,4589,4598.0,4873,5333,5451,5451,4277.0
Nalgonda,6390.0,6440,6350,7508.0,7658.0,9918,11295,11355,11366,12796,13072,13128.0,13485,13873,13888,13888,10776.0
Narayanpet,2035.0,2035,2038,2240.0,2240.0,2345,2436,2436,2441,2549,2549,2549.0,2550,2614,2614,2614,2393.0
Nirmal,3225.0,3238,3238,3798.0,3798.0,4450,4491,4491,4662,4891,4960,4968.0,5012,5118,5323,5334,4437.0
Nizamabad,8148.0,8151,7984,8142.0,8142.0,9086,10259,11663,12492,13082,13088,13112.0,14718,14931,15339,15447,11486.0
Peddapalli,3023.0,3024,3024,3496.0,3496.0,4181,4370,4370,4393,4489,4594,4594.0,4669,4813,4940,4940,4151.0
Rajanna Sircilla,2096.0,2096,2090,2291.0,2304.0,2640,2897,2897,3212,3515,3551,3587.0,3815,3982,3982,3982,3059.0
Ranga Reddy,22479.0,22579,23499,25018.0,25927.0,27860,28504,28561,29291,30216,30226,30780.0,32127,33590,35029,35316,28813.0
Sangareddy,6087.0,6087,6149,6483.0,6588.0,7259,8099,8217,8249,9045,9090,9092.0,9736,10211,10315,10315,8189.0
Siddipet,5105.0,5105,5096,5314.0,5370.0,5779,6251,6256,6264,6791,7112,7161.0,7575,7759,7862,7862,6416.0
Suryapet,4158.0,4245,4215,4563.0,4727.0,4911,5657,5921,5986,6238,6264,6264.0,6463,6877,6897,6897,5643.0
Vikarabad,3460.0,3444,3433,3910.0,3910.0,4603,4928,4928,4941,5012,5083,5091.0,5244,5334,5442,5446,4638.0
Wanaparthy,2318.0,2329,2325,2594.0,2597.0,2770,3035,3036,3044,3146,3177,3189.0,3387,3401,3469,3469,2955.0
Warangal Rural,2807.0,2853,2852,3123.0,3141.0,3422,3879,3905,3905,4184,4186,4188.0,4290,4345,4345,4345,3736.0
Warangal Urban,10978.0,10980,10991,11414.0,11642.0,12681,13624,13625,13716,14760,14760,14907.0,15712,16218,16450,16861,13707.0
Yadadri Bhuvanagiri,2904.0,2939,2927,3103.0,3121.0,3483,5413,5444,5446,5673,5676,5681.0,5869,6065,7397,7397,4909.0
Dhalai,3366.0,3366,3674,4362.0,4646.0,5062,5230,5241,5241,9952,10341,10341.0,10558,10702,10735,10735,7097.0
Gomati,3042.0,3042,2872,4495.0,4526.0,4561,5597,5688,5688,8799,8803,8959.0,9117,9373,9624,9624,6488.0
Khowai,2180.0,2180,2372,3452.0,3475.0,4440,4686,4697,4760,6742,6760,6766.0,6868,6982,7018,7018,5025.0
North Tripura,3117.0,3117,3457,3607.0,4452.0,4557,4692,4767,4767,6079,6201,6220.0,6605,6819,6859,6859,5136.0
Sipahijala,3074.0,3074,3077,4514.0,4937.0,5789,6137,6143,6145,7326,7326,7332.0,7551,8199,8806,8806,6140.0
South Tripura,4286.0,4286,4847,5433.0,5447.0,5650,5922,5932,5934,7145,7145,7161.0,7172,7274,7360,7360,6147.0
Unokoti,1305.0,1305,1711,1726.0,1746.0,1766,1831,1839,1839,2965,2965,2965.0,3112,3248,3248,3268,2302.0
West Tripura,8526.0,8529,9103,10424.0,10448.0,11706,12079,12198,12224,14745,15021,15148.0,16049,16816,17252,17567,12990.0
Agra,16486.0,18454,19593,19657.0,19738.0,19771,20668,20755,20977,20985,20994,21007.0,22162,22977,23141,23168,20658.0
Aligarh,12996.0,15854,16851,17651.0,18665.0,18680,19525,19617,19685,20136,20179,20256.0,20760,22095,22379,22384,19232.0
Ambedkar Nagar,7180.0,8791,9220,9385.0,9499.0,9564,10070,10126,10140,10203,10203,10203.0,11164,11798,11798,11807,10072.0
Amethi,7556.0,7556,7550,7949.0,7949.0,8084,8509,8513,8642,8643,8643,8643.0,9152,9318,9323,9323,8460.0
Amroha,7162.0,7163,7297,7681.0,7681.0,7689,8198,8201,8267,8268,8268,8269.0,8588,9015,9151,9151,8128.0
Auraiya,6219.0,6357,6534,6691.0,6714.0,6714,6875,6920,6922,6922,6922,6924.0,7105,7255,7256,7256,6849.0
Ayodhya,12797.0,12809,12448,12898.0,12982.0,13014,14074,14319,14413,14504,14515,14533.0,15255,15901,16245,16245,14184.0
Azamgarh,14606.0,15810,15499,16170.0,16207.0,16223,16706,17221,17389,17390,17390,17483.0,18364,19244,19334,19410,17153.0
Budaun,9016.0,11055,10879,11496.0,11501.0,11569,11901,11925,11931,11933,11933,11941.0,12495,12860,12860,12860,11760.0
Baghpat,5770.0,5824,5789,5989.0,6044.0,6050,6172,6183,6184,6185,6185,6186.0,6414,6485,6496,6496,6153.0
Bahraich,11094.0,11762,11609,11609.0,11738.0,11739,12521,12602,12670,12671,12671,12722.0,13119,13327,13333,13333,12408.0
Balrampur,10201.0,10201,10129,10163.0,10809.0,10839,11056,11165,11165,11166,11171,11171.0,11407,11545,11547,11547,10955.0
Ballia,6620.0,8087,7957,8177.0,8297.0,8299,8867,8899,9148,9149,9149,9155.0,9325,9898,10429,10492,8872.0
Banda,8234.0,8234,8019,8042.0,8042.0,8135,8551,8655,8665,8665,8665,8758.0,9393,9822,9847,9847,8723.0
Barabanki,16246.0,16246,16239,17127.0,17410.0,17478,18378,18380,18380,18380,18380,18403.0,19109,19754,19754,19754,18089.0
Bareilly,22643.0,23285,23252,25136.0,25173.0,25251,26080,26213,26231,26235,26235,26257.0,27865,28892,28895,28895,26034.0
Basti,11956.0,13747,14884,15719.0,16027.0,16057,16427,16582,16668,17444,17446,17791.0,18331,18859,19090,19452,16655.0
Bhadohi,4185.0,4531,4506,5323.0,5490.0,5490,5636,5657,5668,5843,5843,6009.0,6227,6365,6375,6375,5595.0
Bijnor,13660.0,13748,13738,14449.0,14501.0,14503,14993,15086,15282,15284,15284,15293.0,15924,16331,16461,16461,15062.0
Bulandshahr,12498.0,13693,13546,13713.0,14502.0,14512,15157,15393,15393,15435,15435,15456.0,16604,17148,17233,17234,15184.0
Chandauli,5440.0,6094,5810,6272.0,6964.0,7211,7595,7692,7869,7942,7942,8094.0,8550,8884,8912,8912,7511.0
Chitrakoot,3064.0,3067,3466,3632.0,3632.0,3641,3811,3890,3960,3979,3979,4045.0,4173,4335,4363,4441,3842.0
Deoria,9129.0,9928,10359,11179.0,11183.0,11199,11714,11720,11764,11764,11764,11778.0,12915,13490,13491,13491,11679.0
Etah,6339.0,7141,7136,7571.0,7688.0,7698,7822,7823,7840,7840,7840,7843.0,8262,8563,8587,8587,7786.0
Etawah,8914.0,9133,9341,9520.0,9552.0,9592,10149,10149,10187,10192,10192,10201.0,10603,10966,10967,10967,10039.0
Farrukhabad,6038.0,6210,5944,6025.0,6025.0,6079,6248,6353,6471,6605,6613,6613.0,7094,7277,7277,7277,6509.0
Fatehpur,10536.0,10536,11667,12124.0,12858.0,12873,13131,13134,13136,13142,13142,13142.0,13555,13888,13897,13897,12791.0
Firozabad,6385.0,8257,8156,8522.0,8522.0,8531,9478,9527,9551,9553,9554,9643.0,10264,10925,11065,11070,9313.0
Gautam Buddha Nagar,19241.0,19250,19507,19977.0,20015.0,20015,22113,22502,22643,22651,22651,22666.0,24046,25093,25359,25605,22083.0
Ghaziabad,22971.0,22981,19291,19309.0,19638.0,19689,22173,24398,24492,24889,25810,26082.0,27045,28502,28798,29084,24072.0
Ghazipur,9550.0,10941,10901,11078.0,12079.0,12079,12361,12463,12465,12496,12496,12849.0,13508,13802,13863,14084,12313.0
Gonda,11815.0,12590,12672,13187.0,13288.0,13315,13996,14007,14010,14010,14010,14018.0,15243,15772,16144,16154,14014.0
Gorakhpur,17113.0,17182,16690,17187.0,17293.0,20788,21482,22365,22474,22560,22560,22728.0,24131,26381,26806,26913,21541.0
Hamirpur,5077.0,5077,5000,5318.0,5318.0,5322,5703,5902,5902,5902,5902,5902.0,6161,6405,6513,6513,5745.0
Hapur,5136.0,5136,6054,6153.0,6153.0,6153,6626,6741,6747,6779,6783,6823.0,7148,7376,7420,7420,6540.0
Hardoi,12179.0,12767,13701,14973.0,15121.0,15121,15482,15696,15697,15792,15794,16152.0,16493,16968,17127,17131,15387.0
Hathras,4760.0,5014,5156,5572.0,6824.0,6838,7068,7169,7249,7251,7251,7252.0,7383,7909,8070,8154,6808.0
Jalaun,6123.0,6256,6234,6721.0,6721.0,6723,6935,6944,6944,6952,6952,6952.0,7508,7985,7987,7987,6995.0
Jaunpur,12655.0,12662,14078,14675.0,15278.0,15456,15876,16057,16058,16060,16060,16070.0,16729,17062,17076,17076,15558.0
Jhansi,12642.0,13123,14187,14263.0,14280.0,14286,14828,14828,14828,15309,15309,15309.0,15735,15939,15939,16138,14809.0
Kannauj,6574.0,6574,6668,6838.0,6892.0,6894,7257,7430,7561,7663,7666,7666.0,7913,8164,8213,8213,7387.0
Kanpur Dehat,7328.0,7328,7210,7762.0,7762.0,7762,7878,7878,7934,7956,7956,7986.0,8815,9174,9339,9339,8088.0
Kanpur Nagar,25670.0,25681,24213,24904.0,25060.0,25234,26344,27221,27247,27958,28176,28524.0,29281,30253,31015,31427,27388.0
Kasganj,4015.0,4015,4502,4719.0,5599.0,5636,5894,5911,5983,6097,6097,6098.0,6571,6898,6898,6898,5739.0
Kaushambi,5161.0,5161,5235,5345.0,5531.0,5546,5752,5755,5755,5982,5983,5984.0,6334,6689,6689,6689,5849.0
Kushinagar,9557.0,9840,9951,9961.0,10071.0,10166,10816,10825,11013,11036,11036,11036.0,11753,12262,12262,12262,10865.0
Lakhimpur Kheri,13023.0,13026,13752,15381.0,15582.0,16440,17093,17285,17304,17726,18103,18332.0,19323,19915,19981,19981,17015.0
Lalitpur,3655.0,4227,4340,4834.0,4834.0,4834,4942,4943,4943,5066,5066,5068.0,5392,5500,5507,5586,4921.0
Lucknow,40776.0,41612,42069,43171.0,43948.0,44035,46527,47907,49241,51529,51547,51711.0,55762,59663,61186,61273,49497.0
Maharajganj,9075.0,9085,9640,9950.0,10197.0,10939,11073,11591,11628,11704,11804,11842.0,12115,12572,12631,12631,11155.0
Mahoba,3076.0,3080,3303,3303.0,3307.0,3320,3364,3365,3365,3365,3382,3382.0,3639,3676,3676,3676,3392.0
Mainpuri,7411.0,9195,9087,9442.0,9783.0,9818,9995,10001,10002,10141,10142,10203.0,10423,10554,10554,10554,9832.0
Mathura,14616.0,14629,13895,14365.0,14369.0,14403,14852,15179,15180,15487,15635,15657.0,16200,17333,17399,17408,15413.0
Mau,7968.0,9338,9268,9268.0,9282.0,9284,9608,9676,9774,9774,9820,9855.0,10367,10753,10754,10755,9722.0
Meerut,20059.0,21151,21619,21686.0,21785.0,21912,22755,22861,22938,23085,23113,23181.0,24010,24517,24842,24940,22778.0
Mirzapur,9278.0,9798,10162,10300.0,10982.0,10982,11315,11517,11529,11547,11547,11567.0,12172,12614,12737,12737,11299.0
Moradabad,19674.0,20163,20018,20278.0,20622.0,20684,21792,21977,21990,22006,22006,22031.0,23106,24393,24459,24463,21854.0
Muzaffarnagar,6961.0,8445,8413,8754.0,8969.0,8970,9427,9428,9430,9433,9547,9630.0,10215,10724,10762,10805,9370.0
Pilibhit,7470.0,7470,8702,8847.0,8847.0,8847,9039,9040,9040,9040,9056,9056.0,9334,9595,9780,9780,8934.0
Pratapgarh,11136.0,11157,11067,11067.0,11112.0,11129,11698,11930,11930,11931,11931,11936.0,13413,13515,13555,13793,12019.0
Prayagraj,21786.0,22321,22430,22474.0,22694.0,23836,24455,25420,25531,25846,26113,26339.0,28045,30418,30841,31194,25609.0
Rae Bareli,10059.0,12037,11836,11836.0,11836.0,11856,12330,12352,12362,12362,12498,12535.0,12811,13291,13396,13490,12305.0
Rampur,10194.0,10200,9661,10031.0,10063.0,10075,11053,11237,11237,11334,11353,11355.0,11657,11820,11884,11894,10940.0
Saharanpur,12872.0,14214,13853,14527.0,14675.0,14676,15304,15446,15449,15449,15449,15449.0,15847,16270,16342,16402,15139.0
Sambhal,4546.0,4546,5969,6095.0,6124.0,6153,6597,6608,6626,6754,6754,6759.0,7301,7594,7623,7635,6480.0
Sant Kabir Nagar,6304.0,6456,6624,6703.0,6758.0,6759,6855,6883,6884,6893,6976,6976.0,7302,7488,7501,7518,6930.0
Shahjahanpur,9955.0,10558,11676,12992.0,13371.0,13376,14557,14559,14559,14562,14562,14581.0,15320,15772,15772,15772,13872.0
Shamli,3784.0,3784,4635,4838.0,4881.0,5125,5241,5273,5273,5422,5422,5422.0,5680,5757,5764,5764,5129.0
Shrawasti,4704.0,4704,4696,4707.0,4707.0,4720,4850,4859,4863,4864,4864,4864.0,5015,5068,5096,5096,4855.0
Siddharthnagar,9979.0,11924,12137,12306.0,12306.0,12306,12369,12891,12891,12891,12891,12929.0,13035,13077,13077,13077,12505.0
Sitapur,15292.0,15926,16269,16908.0,16959.0,16962,17940,17994,17995,18007,18010,18014.0,18925,19456,19456,19483,17725.0
Sonbhadra,8331.0,10056,9664,9691.0,9694.0,9697,10007,10008,10008,10012,10012,10013.0,10684,11252,11340,11475,10122.0
Sultanpur,12222.0,12257,12175,12175.0,12175.0,12175,12814,12885,12889,12889,12890,12928.0,13611,14172,14196,14196,12916.0
Unnao,13485.0,13546,13185,13351.0,13385.0,13387,13644,13720,13831,13833,13846,14203.0,14359,14924,15461,15462,13976.0
Varanasi,18364.0,18386,18310,18553.0,18827.0,19000,19687,20415,20417,20479,20490,20509.0,21407,21875,21875,22319,20057.0
Almora,4480.0,4480,4478,4512.0,4512.0,4616,4646,4764,4771,5153,5155,5173.0,5291,5385,5387,5387,4887.0
Bageshwar,2587.0,2589,2587,2624.0,2624.0,2668,2695,2695,2884,2929,2929,2929.0,2951,3022,3022,3022,2797.0
Chamoli,6221.0,6221,6221,6249.0,6249.0,6605,6669,6721,6731,6818,6818,6818.0,6846,6891,6891,6892,6616.0
Champawat,3553.0,3553,3591,4135.0,4161.0,4182,4336,4350,4350,4386,4386,4399.0,4411,4469,4469,4469,4200.0
Dehradun,20439.0,20608,20544,20647.0,20647.0,20826,20965,21106,21277,21906,21957,22131.0,22375,22974,23378,23741,21595.0
Haridwar,10352.0,10386,10629,10763.0,10770.0,11019,11179,11179,11246,11664,11756,11777.0,12024,12488,12643,12947,11426.0
Nainital,9828.0,9837,10248,10308.0,10315.0,10382,10425,10425,10446,11085,11162,11214.0,11282,11535,11760,11956,10763.0
Pauri Garhwal,5447.0,5569,5467,5727.0,5727.0,5820,5951,5951,5957,6037,6037,6074.0,6241,6474,6554,6554,5974.0
Pithoragarh,5522.0,5523,6196,6290.0,7077.0,7113,7135,7202,7202,7237,7237,7262.0,7447,7488,7488,7488,6932.0
Rudraprayag,1802.0,1802,1802,1834.0,1834.0,1853,1883,1883,1888,2012,2012,2036.0,2054,2113,2132,2132,1942.0
Tehri Garhwal,6037.0,6037,5983,6126.0,6126.0,6225,6261,6357,6400,6535,6535,6536.0,6634,6849,6854,6855,6397.0
Udham Singh Nagar,6822.0,6838,7392,7469.0,7482.0,7534,7617,7644,7792,8184,8198,8269.0,8426,8782,8935,9203,7912.0
Uttarkashi,4103.0,4103,4096,4135.0,4183.0,4250,4357,4363,4593,4767,4767,4767.0,4829,4880,4880,4889,4498.0
Alipurduar,10514.0,10547,11281,11392.0,11419.0,11608,12537,13181,14162,16387,16387,17337.0,17662,18167,18759,18759,14381.0
Bankura,29011.0,29011,28977,29548.0,29756.0,30287,32933,34991,35546,37094,37141,37611.0,38428,39224,39355,39356,34267.0
North 24 Parganas,9535.0,9535,9527,9698.0,9766.0,9853,10281,10402,10402,10899,10899,11184.0,11187,11417,11721,11721,10502.0
Birbhum,16959.0,16960,16946,17083.0,18056.0,18360,19143,19600,20148,24396,25162,26913.0,28194,28473,29325,29474,22200.0
Bankura,3113.0,3115,3116,3117.0,3298.0,3309,3405,3405,3408,3461,3461,3688.0,3933,4227,4463,4463,3561.0
Cooch Behar,14071.0,14071,14055,14355.0,15049.0,15838,16726,19831,20204,22349,27224,28463.0,29954,31316,31395,31396,21644.0
Dakshin Dinajpur,15932.0,15932,15876,16275.0,16493.0,16895,17208,18077,18610,18866,19053,19327.0,19639,19828,19870,19895,17986.0
Darjeeling,27458.0,27459,27573,27948.0,28008.0,28204,28628,28869,29354,30295,30440,31028.0,31890,32524,33482,33515,29792.0
South 24 Parganas,10256.0,10256,10256,10392.0,10479.0,10591,10877,10877,10958,11347,11347,11821.0,12362,12957,13085,13087,11309.0
Purba Bardhaman,25247.0,25247,25162,25299.0,25340.0,25916,27376,28976,30550,33589,33603,34442.0,34536,35355,36187,36215,30190.0
Hooghly,23579.0,23581,22905,23610.0,23772.0,24260,24887,25101,25315,27403,39804,40625.0,41582,42626,42948,42958,30935.0
Howrah,29677.0,29689,29782,30450.0,30877.0,32208,36323,37326,37401,39140,39141,39487.0,41724,43484,45774,46095,36786.0
Jalpaiguri,18569.0,18620,18331,19002.0,19621.0,19866,20319,20368,20378,21640,22558,22567.0,22738,22992,23130,23152,20866.0
Jhargram,10988.0,10988,10847,10891.0,10895.0,10904,12146,12228,12352,13230,13232,14876.0,15502,16196,16327,16327,12996.0
Kalimpong,3241.0,3241,3224,3261.0,3394.0,3430,3489,3649,3885,4103,4103,4204.0,4294,4353,4356,4356,3786.0
Kolkata,150729.0,150729,149501,153558.0,155653.0,157944,161881,163849,164512,170283,170574,174363.0,178404,182585,186396,188553,166220.0
Malda,19858.0,20061,20091,22710.0,23476.0,23904,24270,24272,24313,25511,25583,27370.0,28182,29303,31264,31441,25101.0
Murshidabad,34959.0,35121,35576,37200.0,38365.0,39469,41089,41232,41762,43051,43051,44553.0,46933,51315,54362,54362,42650.0
Nadia,35176.0,36169,36199,37439.0,37757.0,38822,41069,41310,41812,46273,46827,49886.0,52972,55507,57645,57660,44533.0
Purba Medinipur,5790.0,5790,5790,5876.0,6027.0,6028,6163,6163,6163,6406,6406,6597.0,6660,6858,7060,7060,6302.0
North 24 Parganas,61334.0,61367,61470,63453.0,63729.0,65198,68635,69264,69627,75004,75005,76767.0,77506,80154,81773,81879,70760.0
Paschim Medinipur,27726.0,27726,27499,27840.0,27918.0,28370,28659,28759,28899,29542,29802,30730.0,32286,33320,34462,34490,29877.0
Purba Medinipur,15556.0,15560,15183,15377.0,15384.0,15452,19765,20617,20620,22992,22992,24265.0,26437,27852,27879,27879,20863.0
Purulia,18395.0,18395,18452,18488.0,18575.0,19086,20093,20428,21172,22063,26812,27567.0,28107,28535,29746,29746,22854.0
Birbhum,4685.0,4703,4666,4765.0,4915.0,4945,5101,5165,5193,5388,5452,5760.0,5814,6085,6471,6542,5353.0
South 24 Parganas,24722.0,24722,24585,24762.0,24814.0,24843,25926,27324,28455,30811,30823,31695.0,33412,34487,35068,35071,28845.0
Uttar Dinajpur,,18051,12945,13301.0,14003.0,14645,15293,15423,15439,15963,15963,16368.0,17112,17527,17585,17585,15814.0
Paschim Bardhaman,22782.0,22921,23028,23797.0,23819.0,24230,24912,25598,25849,26725,26725,26997.0,27158,27723,28093,28168,25533.0
