,date,retail and recreation,grocery and pharmacy,parks,transit,workplaces,residential,sub region
0,10/31/2021,,,,,37.29166667,,North and Middle Andaman
1,10/31/2021,33.01086957,,-9.543478261,42.27173913,17.15217391,11.45652174,South Andaman
2,10/31/2021,-12.63043478,88.69565217,22.04347826,2.456521739,-5.413043478,11.15217391,Anantapuram
3,10/31/2021,-10.13043478,51.10869565,-2.565217391,-14.16304348,-7.282608696,11.77173913,Chittoor
4,10/31/2021,-2.347826087,39.67391304,-18.15217391,-0.684782609,-7.597826087,7.554347826,East Godavari
5,10/31/2021,-7.782608696,38.5,-9.315217391,-5.097826087,-7.739130435,7.565217391,Guntur
6,10/31/2021,-14.97826087,32.89130435,-11.84782609,-6.413043478,-12.83695652,8.673913043,Krishna
7,10/31/2021,-4.380434783,54.01086957,0.543478261,0.043478261,-3.054347826,9.717391304,Kurnool
8,10/31/2021,0.586956522,53.7826087,25.94565217,3.836956522,2.206521739,9.869565217,Prakasam
9,10/31/2021,-8.032608696,59.45652174,-13.79347826,-1.22826087,-1.065217391,9.195652174,Sri Potti Sriramulu Nellore District
10,10/31/2021,-3.326086957,27.0,-3.77173913,-5.02173913,-7.402173913,10.02173913,Srikakulam
11,10/31/2021,-11.94565217,22.32608696,-29.92391304,0.97826087,-16.20652174,10.25,Vishakhapatnam
12,10/31/2021,-7.315217391,43.36956522,-9.695652174,-15.2173913,-13.67391304,10.22826087,Vizianagaram
13,10/31/2021,-6.695652174,49.31521739,19.0,-4.152173913,-3.423913043,7.184782609,West Godavari
14,10/31/2021,-2.913043478,56.83695652,37.08695652,10.92391304,-3.097826087,7.695652174,YSR District
15,10/31/2021,,,-24.79347826,,-31.81521739,,East Kameng
16,10/31/2021,-35.35164835,-10.35714286,,-54.92647059,-15.27173913,5.47826087,East Siang
17,10/31/2021,-19.63043478,66.34782609,25.39130435,11.89130435,-16.75,13.02173913,Papum Pare
18,10/31/2021,,,,,-39.57608696,,Tawang
19,10/31/2021,-22.60273973,,,,-36.05434783,2.606060606,West Kameng
20,10/31/2021,2.25,25.81521739,-27.92391304,-14.41304348,-11.93478261,16.0,Baksa
21,10/31/2021,3.673913043,34.97826087,30.22826087,-18.25,9.434782609,11.83695652,Barpeta
22,10/31/2021,-6.130434783,21.2826087,61.5,-3.413043478,0.369565217,12.30434783,Bongaigaon
23,10/31/2021,-7.804347826,10.39130435,36.32608696,0.510869565,-10.23913043,12.77173913,Cachar
24,10/31/2021,-15.25,20.5326087,0.347826087,-20.26086957,-6.315217391,10.72826087,Chirang
25,10/31/2021,-10.20652174,66.36956522,59.10869565,21.57608696,-8.445652174,16.63043478,Darrang
26,10/31/2021,20.66304348,32.98901099,-5.467391304,-4.608695652,-6.217391304,8.804347826,Dhemaji
27,10/31/2021,9.315217391,19.31521739,15.5326087,10.08695652,-3.097826087,14.35869565,Dhubri
28,10/31/2021,-4.967391304,32.43478261,7.652173913,-6.22826087,-1.989130435,11.33695652,Dibrugarh
29,10/31/2021,1.573033708,,3.576086957,6.391304348,-12.7826087,9.336956522,Dima Hasao
30,10/31/2021,-1.184782609,34.09782609,22.94565217,-5.434782609,-6.836956522,12.17391304,Goalpara
31,10/31/2021,-24.86956522,-12.43478261,-1.782608696,-23.05434783,-16.52173913,12.23913043,Golaghat
32,10/31/2021,22.9673913,2.445652174,20.80434783,-35.7826087,7.52173913,13.7826087,Hailakandi
33,10/31/2021,-14.27173913,25.15217391,4.630434783,-14.59782609,-11.76086957,13.44565217,Jorhat
34,10/31/2021,-20.0,-0.695652174,-0.195652174,-3.815217391,-11.30434783,12.70652174,Kamrup
35,10/31/2021,-24.7173913,-4.010869565,-21.73913043,2.326086957,-8.760869565,14.29347826,Kamrup Metropolitan
36,10/31/2021,-26.48913043,-0.72826087,-2.304347826,-19.30434783,-17.4673913,9.706521739,Karbi Anglong
37,10/31/2021,-13.11956522,15.85869565,76.5,-10.79347826,-7.086956522,15.5,Karimganj
38,10/31/2021,-0.804347826,10.93478261,-12.04347826,-37.51086957,-0.076086957,16.54347826,Kokrajhar
39,10/31/2021,3.0,-1.52173913,24.60869565,-11.5,-8.663043478,13.11956522,Lakhimpur
40,10/31/2021,-17.48913043,12.18478261,-6.97826087,19.93478261,-12.19565217,9.5,Morigaon
41,10/31/2021,0.630434783,14.9673913,29.13043478,-16.25,-9.630434783,13.70652174,Nagaon
42,10/31/2021,-1.423913043,43.5326087,77.29347826,-8.315217391,-12.47826087,13.83695652,Nalbari
43,10/31/2021,-8.0,46.14130435,-15.34782609,-14.93478261,-15.51086957,11.90217391,Sivasagar
44,10/31/2021,-7.891304348,41.25,12.06521739,-11.92391304,-4.836956522,13.23913043,Sonitpur
45,10/31/2021,-13.36956522,88.81521739,7.652173913,-27.76086957,-11.92391304,10.69565217,Tinsukia
46,10/31/2021,6.315217391,1.684782609,-4.315217391,-14.36956522,-7.489130435,12.10869565,Udalguri
47,10/31/2021,7.695652174,56.84782609,14.61956522,-1.282608696,-5.684782609,11.72826087,Araria
48,10/31/2021,-16.34782609,,60.18478261,53.90217391,-9.97826087,11.7173913,Arwal
49,10/31/2021,8.706521739,20.83695652,26.70652174,23.7173913,-3.184782609,11.54347826,Aurangabad
50,10/31/2021,10.14130435,78.80434783,-36.19565217,28.52173913,2.608695652,13.34782609,Banka
51,10/31/2021,10.09782609,99.02173913,24.38043478,5.869565217,-0.065217391,5.97826087,Begusarai
52,10/31/2021,1.77173913,58.18478261,6.804347826,-2.184782609,-2.043478261,11.20652174,Bhagalpur
53,10/31/2021,16.33695652,64.36956522,-11.64130435,6.543478261,-0.369565217,12.93478261,Bhojpur
54,10/31/2021,-7.032608696,40.76086957,37.59782609,11.7173913,-6.945652174,10.18478261,Buxar
55,10/31/2021,13.0,32.91304348,56.10869565,31.34782609,-3.413043478,10.19565217,Darbhanga
56,10/31/2021,4.195652174,48.43478261,23.13043478,15.22826087,-1.597826087,12.18478261,Gaya
57,10/31/2021,8.489130435,77.63043478,9.684782609,23.2826087,7.5,7.826086957,Gopalganj
58,10/31/2021,18.93478261,43.19565217,25.63043478,45.33695652,7.141304348,11.63043478,Jamui
59,10/31/2021,16.36956522,-6.282608696,104.2205882,28.02173913,5.043478261,13.09782609,Jehanabad
60,10/31/2021,26.02173913,93.82608696,45.65217391,50.63043478,14.97826087,14.20652174,Kaimur
61,10/31/2021,-1.141304348,54.64130435,41.34782609,6.956521739,-1.217391304,11.68478261,Katihar
62,10/31/2021,3.065217391,84.4,-20.47826087,14.86956522,5.02173913,7.673913043,Khagaria
63,10/31/2021,-11.82608696,11.32608696,20.79347826,-0.065217391,-6.956521739,12.47826087,Kishanganj
64,10/31/2021,10.48913043,7.976470588,28.92391304,-3.076086957,3.010869565,9.630434783,Lakhisarai
65,10/31/2021,3.510869565,65.63043478,34.26086957,14.65217391,-4.880434783,11.33695652,Madhepura
66,10/31/2021,6.163043478,53.35869565,51.68478261,23.79347826,1.739130435,8.47826087,Madhubani
67,10/31/2021,17.23913043,40.88043478,58.13043478,20.69565217,-5.663043478,7.282608696,Munger
68,10/31/2021,2.858695652,39.36956522,24.82608696,6.826086957,-2.391304348,11.02173913,Muzaffarpur
69,10/31/2021,6.52173913,52.01086957,2.195652174,20.64130435,1.217391304,11.30434783,Nalanda
70,10/31/2021,2.967391304,78.60869565,55.63043478,32.90217391,-3.282608696,11.77173913,Nawada
71,10/31/2021,13.95652174,85.58695652,-10.61956522,15.40217391,4.054347826,13.90217391,Pashchim Champaran
72,10/31/2021,-7.358695652,51.30434783,-16.58695652,3.239130435,-8.565217391,9.456521739,Patna
73,10/31/2021,10.7173913,51.56521739,26.68478261,9.260869565,7.22826087,10.81521739,Purnia
74,10/31/2021,-0.47826087,50.23913043,12.7826087,17.70652174,0.641304348,11.92391304,Purvi Champaran
75,10/31/2021,8.641304348,27.29347826,16.57608696,14.60869565,-2.391304348,12.65217391,Rohtas
76,10/31/2021,3.804347826,34.30434783,37.16304348,32.26086957,0.065217391,10.2826087,Saharsa
77,10/31/2021,14.82608696,36.61956522,29.67391304,26.2826087,-0.097826087,7.608695652,Samastipur
78,10/31/2021,2.989130435,47.81521739,33.43478261,15.73913043,-4.380434783,9.195652174,Saran
79,10/31/2021,-18.89130435,101.7826087,11.06521739,55.02173913,12.77173913,11.88043478,Sheikhpura
80,10/31/2021,-18.28571429,60.54022989,,27.82608696,-8.413043478,8.75,Sheohar
81,10/31/2021,4.413043478,33.16304348,57.86956522,11.41304348,-0.054347826,8.793478261,Siwan
82,10/31/2021,14.88043478,59.33695652,34.31521739,12.01086957,-12.97826087,10.54347826,Supaul
83,10/31/2021,4.326086957,41.89130435,34.77173913,19.89130435,0.619565217,7.836956522,Vaishali
84,10/31/2021,11.83695652,13.55434783,54.72826087,22.89130435,0.869565217,10.10869565,Balod
85,10/31/2021,-8.75,42.13043478,11.56521739,-1.163043478,-5.576086957,9.717391304,Baloda Bazar
86,10/31/2021,-14.15217391,30.80681818,-5.673913043,20.79347826,-17.08695652,7.695652174,Balrampur
87,10/31/2021,-0.72826087,12.76086957,-27.86956522,58.34782609,-16.27173913,12.70652174,Bastar
88,10/31/2021,0.586956522,23.36956522,7.054347826,,-18.14130435,7.989130435,Bemetara
89,10/31/2021,,,-8.010869565,-59.0,-11.39130435,-5.609756098,Bijapur
90,10/31/2021,-5.358695652,49.2173913,-1.739130435,2.304347826,2.793478261,11.45652174,Bilaspur
91,10/31/2021,-3.760869565,,71.61111111,-13.25,-11.08695652,2.282608696,Dantewada
92,10/31/2021,8.695652174,18.09782609,7.858695652,28.27173913,-10.82608696,10.02173913,Dhamtari
93,10/31/2021,-7.945652174,34.31521739,7.043478261,-21.11956522,-6.989130435,10.23913043,Durg
94,10/31/2021,-67.0,8.7,,,-20.48913043,9.088235294,Gariaband
95,10/31/2021,-8.597826087,56.65217391,40.14130435,-8.510869565,-10.93478261,9.413043478,Janjgir-Champa
96,10/31/2021,-10.80434783,41.74074074,-18.88043478,19.10869565,2.923913043,8.326086957,Jashpur
97,10/31/2021,-5.195652174,-8.847058824,32.42391304,-16.55434783,-3.358695652,3.72826087,Kanker
98,10/31/2021,8.652173913,47.31111111,-21.91304348,-39.06521739,-14.08695652,11.0326087,Kawardha
99,10/31/2021,-9.010869565,,-13.22826087,36.72826087,-15.5,9.054347826,Kondagaon
100,10/31/2021,1.923913043,27.68478261,-1.315217391,2.010869565,0.391304348,10.67391304,Korba
101,10/31/2021,-4.913043478,32.41304348,34.13043478,9.543478261,-13.84782609,8.076086957,Koriya
102,10/31/2021,-12.23913043,58.97826087,21.45652174,8.347826087,-9.945652174,7.934782609,Mahasamund
103,10/31/2021,-22.85869565,-36.26086957,-57.0,48.69565217,-9.630434783,11.17391304,Mungeli
104,10/31/2021,,,,50.64130435,-15.2173913,,Narayanpur
105,10/31/2021,-7.456521739,36.06521739,22.42391304,2.510869565,-2.413043478,10.11956522,Raigarh
106,10/31/2021,-15.5326087,42.64130435,21.9673913,-19.25,-4.358695652,9.02173913,Raipur
107,10/31/2021,-11.48913043,56.82608696,57.0,-0.434782609,-10.7173913,10.17391304,Rajnandgaon
108,10/31/2021,,,-23.96153846,15.76086957,-24.98913043,-3.0,Sukma
109,10/31/2021,-8.5,31.2195122,19.5,49.81521739,-3.358695652,11.09782609,Surajpur
110,10/31/2021,3.467391304,53.33695652,24.52173913,29.10869565,2.543478261,10.11956522,Surguja
111,10/31/2021,-14.69565217,72.54347826,-23.17391304,-6.467391304,3.815217391,9.673913043,Dadra and Nagar Haveli
112,10/31/2021,-12.77173913,40.16304348,12.39130435,-3.586956522,-3.173913043,9.673913043,Daman
113,10/31/2021,-29.1627907,,13.0989011,0.244444444,-25.18478261,,Diu
114,10/31/2021,-27.7826087,3.923913043,-35.72826087,-16.68478261,-23.0326087,7.489130435,Central Delhi
115,10/31/2021,-14.68478261,25.76086957,-31.7173913,-22.56521739,-29.10869565,7.72826087,East Delhi
116,10/31/2021,-36.09782609,-18.58695652,-46.55434783,-28.2826087,-25.82608696,7.793478261,New Delhi
117,10/31/2021,-19.33695652,44.25,-12.59782609,-4.989130435,-20.89130435,7.304347826,North Delhi
118,10/31/2021,-1.891304348,56.16304348,-41.9673913,21.68478261,-15.30434783,7.054347826,North East Delhi
119,10/31/2021,-21.35869565,24.40217391,-16.41304348,-7.108695652,-19.88043478,7.945652174,North West Delhi
120,10/31/2021,-8.086956522,23.40217391,-31.31521739,-7.956521739,-18.97826087,7.423913043,Shahdara
121,10/31/2021,-26.81521739,13.47826087,-28.90217391,-12.42391304,-25.60869565,8.173913043,South Delhi
122,10/31/2021,-15.25,4.97826087,-30.0,-18.34782609,-25.29347826,7.782608696,South East Delhi
123,10/31/2021,-16.83695652,21.95652174,-27.98913043,-9.423913043,-21.56521739,9.173913043,South West Delhi
124,10/31/2021,-19.89130435,16.91304348,-29.25,-7.72826087,-21.56521739,7.619565217,West Delhi
125,10/31/2021,-28.41304348,17.84782609,-33.7173913,-8.77173913,-18.10869565,12.38043478,North Goa
126,10/31/2021,-14.11956522,9.782608696,-37.36956522,-16.55434783,-6.793478261,10.10869565,South Goa
127,10/31/2021,-23.38043478,17.16304348,-34.98913043,-2.836956522,-15.10869565,7.880434783,Ahmedabad
128,10/31/2021,-19.23913043,20.56521739,-54.27173913,1.967391304,-7.967391304,6.793478261,Amreli
129,10/31/2021,-12.10869565,18.82608696,-10.45652174,-11.80434783,-2.934782609,7.467391304,Anand
130,10/31/2021,4.5,-5.815217391,29.44565217,15.72826087,-8.434782609,8.760869565,Aravalli
131,10/31/2021,3.391304348,37.20652174,9.967391304,10.30434783,-0.380434783,12.31521739,Banaskantha
132,10/31/2021,-0.489130435,47.40217391,9.684782609,-9.858695652,3.673913043,7.804347826,Bharuch
133,10/31/2021,-2.097826087,25.69565217,-3.163043478,16.20652174,-6.423913043,10.09782609,Bhavnagar
134,10/31/2021,0.836956522,43.4673913,35.2826087,-0.206521739,1.380434783,7.097826087,Botad
135,10/31/2021,-8.72826087,6.5,40.7826087,-25.36956522,-1.065217391,5.076086957,Chhota Udaipur
136,10/31/2021,12.52173913,25.67391304,-25.54347826,-1.467391304,-11.5326087,8.934782609,Dahod
137,10/31/2021,-22.0,,24.87640449,-47.81521739,-5.173913043,,Dang
138,10/31/2021,-10.07608696,62.45652174,53.83695652,0.5,2.72826087,8.836956522,Devbhoomi Dwarka
139,10/31/2021,-14.95652174,44.5,-26.09782609,5.108695652,-13.29347826,8.445652174,Gandhinagar
140,10/31/2021,5.565217391,0.152173913,12.58695652,-0.902173913,-8.543478261,7.391304348,Gir Somnath
141,10/31/2021,-18.64130435,27.60869565,0.347826087,-17.04347826,-10.9673913,7.358695652,Jamnagar
142,10/31/2021,-13.55434783,20.31521739,-2.02173913,7.380434783,-14.94565217,10.84782609,Junagadh
143,10/31/2021,-0.206521739,61.63043478,31.5,-22.30434783,-10.52173913,8.760869565,Kheda
144,10/31/2021,-4.565217391,25.19565217,-25.2173913,3.52173913,-6.445652174,4.467391304,Kutch
145,10/31/2021,-5.706521739,,5.304347826,4.967391304,-14.82608696,6.239130435,Mahisagar
146,10/31/2021,-1.336956522,36.83695652,-39.34782609,4.119565217,-2.489130435,9.467391304,Mehsana
147,10/31/2021,-5.239130435,-0.97826087,30.79347826,-12.25,-9.565217391,11.18478261,Morbi
148,10/31/2021,51.94565217,,-15.68478261,2.72826087,1.934782609,12.82608696,Narmada
149,10/31/2021,-2.619565217,16.05434783,-13.11956522,-24.47826087,-2.369565217,9.086956522,Navsari
150,10/31/2021,5.782608696,34.2173913,-6.717391304,5.608695652,8.489130435,7.47826087,Panchmahal
151,10/31/2021,3.52173913,82.5,6.75,1.880434783,-4.815217391,10.60869565,Patan
152,10/31/2021,-16.81521739,52.41304348,-26.39130435,4.77173913,-10.79347826,11.20652174,Porbandar
153,10/31/2021,-20.07608696,28.67391304,-27.39130435,6.836956522,-10.30434783,8.260869565,Rajkot
154,10/31/2021,4.304347826,34.58695652,8.608695652,6.315217391,-0.902173913,7.673913043,Sabarkatha
155,10/31/2021,-15.4673913,21.0,-18.25,7.869565217,-5.5,5.173913043,Surat
156,10/31/2021,-12.84782609,28.01086957,42.68478261,-11.59782609,-12.20652174,9.293478261,Surendranagar
157,10/31/2021,7.326086957,40.88043478,-1.641304348,-3.108695652,5.282608696,12.80434783,Tapi
158,10/31/2021,-20.9673913,7.010869565,-29.81521739,4.782608696,-9.086956522,8.445652174,Vadodara
159,10/31/2021,-2.108695652,51.58695652,16.25,-17.93478261,1.641304348,11.31521739,Valsad
160,10/31/2021,-2.369565217,14.85869565,-8.956521739,-19.2173913,-8.043478261,8.304347826,Ambala
161,10/31/2021,2.173913043,42.79347826,16.15217391,6.315217391,-4.47826087,5.086956522,Bhiwani
162,10/31/2021,-14.10869565,36.44565217,-18.25,-2.086956522,-13.41304348,7.739130435,Faridabad
163,10/31/2021,-11.84782609,31.80434783,-7.902173913,-0.543478261,-7.836956522,3.826086957,Fatehabad
164,10/31/2021,-17.01086957,18.22826087,-38.36956522,-22.45652174,-21.84782609,8.282608696,Gurgaon
165,10/31/2021,1.043478261,0.554347826,-2.869565217,-21.70652174,-5.413043478,7.054347826,Hisar
166,10/31/2021,7.347826087,8.358695652,34.19565217,12.17391304,-3.119565217,5.956521739,Jhajjar
167,10/31/2021,-4.293478261,66.83695652,-11.72826087,-13.77173913,-5.891304348,5.434782609,Jind
168,10/31/2021,12.42391304,26.08695652,-12.95652174,-28.19565217,-3.684782609,5.206521739,Kaithal
169,10/31/2021,-7.326086957,11.48913043,-11.81521739,-16.09782609,-3.554347826,6.25,Karnal
170,10/31/2021,-4.673913043,28.01086957,-0.695652174,-14.65217391,-4.358695652,8.423913043,Kurukshetra
171,10/31/2021,-7.043478261,24.94565217,-14.89130435,13.7173913,-4.576086957,7.076086957,Mahendragarh
172,10/31/2021,17.60869565,70.48913043,6.054347826,57.76086957,-10.58695652,2.22826087,Mewat
173,10/31/2021,-2.326086957,49.75,1.47826087,3.02173913,-17.64130435,9.054347826,Palwal
174,10/31/2021,-9.869565217,11.7826087,-26.5326087,-3.52173913,-12.5326087,7.293478261,Panchkula
175,10/31/2021,10.19565217,69.05434783,-14.19565217,-26.57608696,9.065217391,3.782608696,Panipat
176,10/31/2021,-3.804347826,43.76086957,-18.02173913,-3.358695652,2.27173913,8.565217391,Rewari
177,10/31/2021,-8.076086957,33.2826087,-0.206521739,-2.358695652,-4.391304348,6.956521739,Rohtak
178,10/31/2021,7.554347826,55.4673913,-3.880434783,-4.032608696,0.47826087,3.956521739,Sirsa
179,10/31/2021,-6.554347826,13.65217391,-26.01086957,4.239130435,-5.902173913,6.804347826,Sonepat
180,10/31/2021,7.152173913,15.02173913,-22.88043478,1.391304348,-4.47826087,8.358695652,Yamuna Nagar
181,10/31/2021,-17.25,59.25,19.66304348,47.25,-2.836956522,12.45652174,Bilaspur
182,10/31/2021,16.20652174,99.75,28.13043478,27.59782609,3.956521739,11.33695652,Chamba
183,10/31/2021,-14.92391304,-16.05434783,-2.956521739,26.34782609,6.858695652,9.554347826,Hamirpur
184,10/31/2021,4.869565217,36.7826087,28.89130435,19.20652174,-1.576086957,9.815217391,Kangra
185,10/31/2021,,,4.340909091,67.29347826,10.72826087,-2.344827586,Kinnaur
186,10/31/2021,-1.608695652,9.934782609,4.47826087,30.92391304,4.163043478,12.60869565,Kullu
187,10/31/2021,-11.32608696,20.85869565,26.10869565,14.10869565,-3.815217391,11.54347826,Mandi
188,10/31/2021,8.858695652,41.91304348,23.72826087,40.30434783,6.358695652,14.82608696,Shimla
189,10/31/2021,3.065217391,69.01086957,-1.304347826,18.88043478,5.445652174,9.260869565,Sirmaur
190,10/31/2021,-4.608695652,12.35869565,11.35869565,8.858695652,5.891304348,9.663043478,Solan
191,10/31/2021,-24.94565217,-11.7173913,18.73913043,7.22826087,-15.93478261,8.217391304,Una
192,10/31/2021,-8.97826087,44.59782609,36.16304348,9.152173913,-10.81521739,12.64130435,Bokaro
193,10/31/2021,-7.72826087,17.09375,58.2826087,36.72826087,-5.630434783,10.07608696,Chatra
194,10/31/2021,0.989130435,99.56521739,-2.391304348,9.673913043,-3.619565217,14.76086957,Deoghar
195,10/31/2021,-7.076086957,48.05434783,3.0,3.391304348,-5.717391304,10.43478261,Dhanbad
196,10/31/2021,2.684782609,53.0,27.60869565,43.5326087,-7.673913043,11.61956522,Dumka
197,10/31/2021,-13.17391304,34.38043478,6.402173913,-5.402173913,-5.989130435,9.793478261,East Singhbhum
198,10/31/2021,3.032608696,166.304878,,38.08695652,-0.673913043,11.9673913,Garhwa
199,10/31/2021,-3.239130435,194.2608696,91.90217391,35.64130435,0.847826087,13.33695652,Giridih
200,10/31/2021,15.05434783,117.2666667,62.88043478,-0.315217391,-3.152173913,11.13043478,Godda
201,10/31/2021,-0.739130435,17.625,-3.195652174,21.26086957,-15.23913043,9.347826087,Gumla
202,10/31/2021,1.782608696,44.26086957,8.086956522,45.81521739,-8.793478261,12.80434783,Hazaribagh
203,10/31/2021,-7.119565217,26.04166667,0.382716049,-11.76086957,-13.97826087,14.18478261,Jamtara
204,10/31/2021,-35.70652174,18.47272727,-32.15555556,78.10869565,-18.64130435,10.22826087,Khunti
205,10/31/2021,-12.07608696,93.29411765,21.63736264,10.36956522,7.304347826,9.52173913,Koderma
206,10/31/2021,-23.2826087,,28.85869565,-5.0,-14.5,9.923913043,Latehar
207,10/31/2021,11.56521739,63.36363636,63.06593407,-15.40217391,-12.34782609,9.413043478,Lohardaga
208,10/31/2021,-9.858695652,48.75555556,12.82608696,25.32608696,-18.09782609,9.380434783,Pakur
209,10/31/2021,6.326086957,92.84782609,38.05434783,21.83695652,-4.130434783,10.95652174,Palamu
210,10/31/2021,-9.967391304,14.20652174,18.70652174,12.88043478,-4.630434783,11.18478261,Ramgarh
211,10/31/2021,-18.29347826,19.63043478,-26.25,-0.010869565,-14.38043478,11.81521739,Ranchi
212,10/31/2021,15.34782609,106.9659091,45.84782609,7.630434783,-16.40217391,8.902173913,Sahibganj
213,10/31/2021,2.152173913,56.09782609,11.2173913,-21.16304348,7.467391304,11.92391304,Seraikela Kharsawan
214,10/31/2021,6.830508475,,,24.35869565,-8.760869565,8.9125,Simdega
215,10/31/2021,-8.52173913,27.26086957,23.5,1.130434783,-3.054347826,12.14130435,West Singhbhum
216,10/31/2021,-0.097826087,65.42391304,22.41304348,13.25,-6.967391304,15.90217391,Bagalkot
217,10/31/2021,-0.184782609,73.72826087,7.206521739,-16.40217391,-2.326086957,14.29347826,Bangalore Rural
218,10/31/2021,-31.14130435,5.923913043,-41.72826087,-18.14130435,-35.70652174,12.83695652,Bangalore Urban
219,10/31/2021,-5.423913043,70.48913043,-4.358695652,18.4673913,-2.347826087,15.27173913,Belagavi
220,10/31/2021,-10.13043478,41.82608696,-7.532608696,5.989130435,-10.48913043,11.73913043,Bellary
221,10/31/2021,-21.0326087,79.54347826,20.29347826,-11.17391304,-11.32608696,11.02173913,Bidar
222,10/31/2021,-11.82608696,68.77173913,-24.57608696,14.23913043,-8.869565217,15.41304348,Bijapur
223,10/31/2021,-0.880434783,109.5454545,39.94565217,20.48913043,-8.77173913,11.17391304,Chamarajanagar
224,10/31/2021,-4.206521739,73.47826087,2.989130435,16.15217391,1.836956522,14.63043478,Chikballapur
225,10/31/2021,-0.641304348,60.5,27.77173913,8.880434783,-5.434782609,12.77173913,Chikkamagaluru
226,10/31/2021,2.434782609,140.9673913,5.184782609,5.945652174,-10.04347826,13.7826087,Chitradurga
227,10/31/2021,-20.0326087,27.07608696,26.91304348,-7.565217391,-9.793478261,14.94565217,Dakshina Kannada
228,10/31/2021,2.119565217,44.30434783,-21.60869565,9.27173913,-8.304347826,13.93478261,Davanagere
229,10/31/2021,-10.7826087,58.70652174,-41.91304348,0.173913043,-9.130434783,15.68478261,Dharwad
230,10/31/2021,4.315217391,33.86956522,6.119565217,5.163043478,-14.33695652,14.05434783,Gadag
231,10/31/2021,-13.75,52.66304348,-11.60869565,-3.097826087,-9.913043478,12.72826087,Gulbarga
232,10/31/2021,10.83695652,35.57608696,18.52173913,-12.47826087,-12.36956522,15.4673913,Hassan
233,10/31/2021,-3.163043478,50.93478261,3.184782609,8.608695652,-4.945652174,11.89130435,Haveri
234,10/31/2021,-5.402173913,51.6,-24.56521739,0.543478261,-9.25,11.95652174,Kodagu
235,10/31/2021,-8.456521739,104.0652174,-11.40217391,-4.163043478,-5.706521739,14.52173913,Kolar
236,10/31/2021,-3.989130435,59.61956522,11.10869565,8.858695652,-16.5326087,10.93478261,Koppal
237,10/31/2021,-20.45652174,49.14130435,24.52173913,-5.391304348,-12.47826087,13.08695652,Mandya
238,10/31/2021,-18.06521739,20.0326087,8.934782609,7.956521739,-17.63043478,13.22826087,Mysuru
239,10/31/2021,-6.293478261,64.91304348,-33.13043478,2.173913043,-9.608695652,11.58695652,Raichur
240,10/31/2021,1.673913043,119.0978261,27.07608696,8.445652174,-1.869565217,13.4673913,Ramanagara
241,10/31/2021,-15.18478261,78.60869565,64.9673913,-3.989130435,-2.282608696,14.7826087,Shimoga
242,10/31/2021,-2.293478261,46.98913043,-5.956521739,13.45652174,-7.804347826,16.65217391,Tumkur
243,10/31/2021,-17.92391304,34.61956522,-9.72826087,-6.25,-5.641304348,14.93478261,Udupi
244,10/31/2021,7.717391304,32.83695652,-8.293478261,8.5,-0.576086957,11.02173913,Uttara Kannada
245,10/31/2021,6.989130435,58.32608696,49.73913043,-6.467391304,-11.01086957,8.815217391,Yadgir
246,10/31/2021,-2.760869565,76.07608696,15.27173913,-7.75,-6.760869565,15.83695652,Alappuzha
247,10/31/2021,-20.97826087,39.04347826,5.032608696,-20.02173913,-16.86956522,16.41304348,Ernakulam
248,10/31/2021,-14.14130435,37.67391304,-29.34782609,-0.793478261,-5.173913043,14.5,Idukki
249,10/31/2021,-11.82608696,60.2173913,36.80434783,-16.55434783,-4.108695652,15.16304348,Kannur
250,10/31/2021,-12.23913043,30.34782609,55.65217391,-6.804347826,-8.195652174,12.13043478,Kasaragod
251,10/31/2021,-2.347826087,60.48913043,4.032608696,-13.63043478,-7.554347826,14.41304348,Kollam
252,10/31/2021,-16.30434783,56.42391304,26.95652174,-17.07608696,-13.89130435,15.86956522,Kottayam
253,10/31/2021,-12.91304348,52.33695652,49.34782609,-13.11956522,-9.706521739,15.83695652,Kozhikode
254,10/31/2021,,,-58.86813187,21.59782609,15.93478261,,Mahe
255,10/31/2021,4.413043478,81.33695652,36.01086957,0.315217391,1.239130435,11.7826087,Malappuram
256,10/31/2021,-15.25,67.81521739,45.31521739,-12.39130435,-5.423913043,16.30434783,Palakkad
257,10/31/2021,-2.413043478,64.68478261,32.66304348,-22.52173913,-2.0,12.97826087,Pathanamthitta
258,10/31/2021,-19.11956522,12.32608696,-11.98913043,-14.09782609,-16.2173913,13.52173913,Thiruvananthapuram
259,10/31/2021,-12.4673913,44.5,1.847826087,-18.16304348,-8.619565217,15.43478261,Thrissur
260,10/31/2021,-22.52173913,109.2826087,-26.90217391,-13.07608696,-9.804347826,15.55434783,Wayanad
261,10/31/2021,,,45.97826087,,-31.2173913,,Lakshadweep
262,10/31/2021,-0.195652174,70.15942029,106.6813187,16.01086957,1.076086957,9.673913043,Agar
263,10/31/2021,14.18478261,,-65.05494505,-13.65217391,-16.65217391,10.08695652,Alirajpur
264,10/31/2021,5.032608696,26.14285714,0.586956522,-1.27173913,-6.336956522,10.68478261,Anuppur
265,10/31/2021,18.86956522,2.5,-34.85869565,11.77173913,-1.858695652,10.5326087,Ashoknagar
266,10/31/2021,-6.891304348,18.42391304,19.27173913,5.47826087,-5.195652174,14.95652174,Balaghat
267,10/31/2021,12.18478261,85.13043478,-38.52173913,10.67391304,-5.304347826,8.293478261,Barwani
268,10/31/2021,-0.293478261,1.173913043,34.26086957,3.054347826,0.554347826,13.79347826,Betul
269,10/31/2021,-9.097826087,48.39130435,15.35869565,4.086956522,-13.17391304,7.119565217,Bhind
270,10/31/2021,-24.32608696,10.94565217,-15.02173913,-16.25,-12.51086957,11.42391304,Bhopal
271,10/31/2021,11.4673913,80.66292135,14.16304348,33.76086957,-8.326086957,12.55434783,Burhanpur
272,10/31/2021,-2.217391304,29.39130435,16.85869565,17.48913043,-9.934782609,10.72826087,Chhatarpur
273,10/31/2021,3.22826087,88.83695652,25.95652174,-13.07608696,-0.217391304,13.2173913,Chhindwara
274,10/31/2021,6.815217391,109.1956522,-23.48913043,39.82608696,0.380434783,10.52173913,Damoh
275,10/31/2021,2.815217391,48.45454545,-17.34782609,28.72826087,-11.27173913,13.22826087,Datia
276,10/31/2021,8.206521739,19.95652174,11.5,-35.94565217,2.413043478,14.5,Dewas
277,10/31/2021,-17.4673913,40.02173913,2.673913043,45.67391304,-1.076086957,10.27173913,Dhar
278,10/31/2021,5.641304348,,-7.52173913,14.4673913,-24.15217391,6.456521739,Dindori
279,10/31/2021,-5.456521739,71.22826087,15.25,20.56521739,-7.086956522,9.847826087,Guna
280,10/31/2021,-16.09782609,17.31521739,-20.86956522,-18.59782609,-8.0,9.97826087,Gwalior
281,10/31/2021,-15.48913043,37.64130435,37.65217391,14.36956522,-0.880434783,11.63043478,Harda
282,10/31/2021,-5.326086957,61.65217391,34.98913043,-9.467391304,-5.956521739,12.81521739,Hoshangabad
283,10/31/2021,-21.91304348,17.33695652,-33.17391304,20.77173913,-13.4673913,11.31521739,Indore
284,10/31/2021,-2.489130435,9.434782609,-17.42391304,17.15217391,-10.07608696,11.13043478,Jabalpur
285,10/31/2021,1.076086957,30.05555556,35.0,14.59782609,-3.641304348,7.27173913,Jhabua
286,10/31/2021,-3.347826087,31.10869565,8.847826087,-15.94565217,-15.13043478,9.869565217,Katni
287,10/31/2021,5.25,9.25,-19.43478261,3.304347826,-8.27173913,18.75,Khandwa
288,10/31/2021,-14.04347826,90.09782609,43.97826087,11.41304348,-9.652173913,11.42391304,Khargone
289,10/31/2021,-13.2826087,48.08695652,29.70652174,-9.141304348,-6.141304348,11.31521739,Mandla
290,10/31/2021,4.27173913,30.65217391,-10.67391304,13.61956522,-0.076086957,11.34782609,Mandsaur
291,10/31/2021,4.173913043,18.72826087,-12.90217391,-5.902173913,-11.54347826,9.608695652,Morena
292,10/31/2021,-2.315217391,-15.41304348,11.33695652,2.576086957,-15.55434783,12.55434783,Narsinghpur
293,10/31/2021,-12.36956522,69.56521739,-12.68478261,3.217391304,-7.130434783,11.48913043,Neemuch
294,10/31/2021,-18.77173913,5.583333333,-14.61956522,25.15217391,-0.293478261,10.25,Panna
295,10/31/2021,4.119565217,39.63043478,-20.67391304,-23.94565217,-12.55434783,10.5,Raisen
296,10/31/2021,-6.641304348,55.44565217,32.80434783,16.17391304,-1.47826087,12.75,Rajgarh
297,10/31/2021,7.934782609,22.43478261,37.47826087,-10.19565217,0.641304348,13.22826087,Ratlam
298,10/31/2021,-5.293478261,42.97826087,6.315217391,45.57608696,-10.13043478,12.26086957,Rewa
299,10/31/2021,-1.141304348,39.72826087,-9.315217391,1.315217391,-2.423913043,12.7826087,Sagar
300,10/31/2021,-7.282608696,63.43478261,50.5326087,12.63043478,-9.945652174,10.7826087,Satna
301,10/31/2021,6.293478261,49.06521739,22.18478261,-9.173913043,-14.69565217,12.23913043,Sehore
302,10/31/2021,-1.260869565,54.30434783,135.7934783,28.63043478,-12.61956522,12.59782609,Seoni
303,10/31/2021,-1.065217391,40.07608696,36.13043478,-0.206521739,-6.043478261,12.32608696,Shahdol
304,10/31/2021,11.4673913,63.09782609,150.6853933,9.119565217,-5.130434783,13.58695652,Shajapur
305,10/31/2021,17.06024096,,-39.07608696,-39.05434783,-19.42391304,6.25,Sheopur
306,10/31/2021,3.130434783,60.84782609,47.25,18.57608696,-8.836956522,12.58695652,Shivpuri
307,10/31/2021,6.554347826,5.0,63.05434783,19.77173913,-6.336956522,11.42391304,Sidhi
308,10/31/2021,11.15217391,32.75,-33.26086957,34.91304348,4.739130435,11.80434783,Singrauli
309,10/31/2021,2.402173913,42.41304348,24.11956522,30.98913043,-15.92391304,10.38043478,Tikamgarh
310,10/31/2021,-3.75,55.61956522,31.9673913,-6.510869565,-9.239130435,13.25,Ujjain
311,10/31/2021,1.369565217,,3.510869565,14.58695652,-16.67391304,10.97826087,Umaria
312,10/31/2021,-10.15217391,80.98913043,7.847826087,-6.108695652,-14.92391304,13.92391304,Vidisha
313,10/31/2021,-11.75,33.75,17.0,1.760869565,-3.52173913,16.79347826,Ahmednagar
314,10/31/2021,-6.869565217,86.72826087,34.34782609,-3.47826087,-2.663043478,15.58695652,Akola
315,10/31/2021,-15.56521739,26.11956522,1.456521739,-1.891304348,-15.88043478,16.65217391,Amravati
316,10/31/2021,-15.39130435,28.60869565,-32.23913043,9.260869565,-12.40217391,14.02173913,Aurangabad
317,10/31/2021,-10.04347826,68.39130435,30.20652174,11.85869565,4.717391304,14.48913043,Beed
318,10/31/2021,3.782608696,29.44565217,-10.83695652,4.315217391,4.97826087,14.16304348,Bhandara
319,10/31/2021,-11.61956522,55.94565217,-16.73913043,-9.402173913,0.260869565,12.7826087,Buldhana
320,10/31/2021,-13.07608696,70.83695652,16.59782609,-5.445652174,-4.326086957,13.06521739,Chandrapur
321,10/31/2021,-10.67391304,99.77173913,7.010869565,4.804347826,-3.902173913,14.2173913,Dhule
322,10/31/2021,6.304347826,-17.04347826,-30.07608696,1.152173913,-10.07608696,9.858695652,Gadchiroli
323,10/31/2021,-11.17391304,36.57608696,10.55434783,-15.2173913,-10.63043478,10.85869565,Gondia
324,10/31/2021,3.173913043,36.2826087,-16.72826087,-4.293478261,-9.880434783,12.29347826,Hingoli
325,10/31/2021,-15.42391304,14.64130435,-11.15217391,-9.413043478,-6.641304348,14.64130435,Jalgaon
326,10/31/2021,-10.51086957,41.02173913,30.07608696,-1.22826087,-8.141304348,15.80434783,Jalna
327,10/31/2021,-4.445652174,57.39130435,25.5,17.2826087,2.608695652,13.97826087,Kolhapur
328,10/31/2021,-11.31521739,21.32608696,0.72826087,4.858695652,-1.717391304,17.14130435,Latur
329,10/31/2021,-38.60869565,21.83695652,-53.57608696,-28.33695652,-25.38043478,10.2826087,Mumbai
330,10/31/2021,-37.22826087,13.56521739,-35.65217391,-22.06521739,-27.01086957,11.01086957,Mumbai Suburban
331,10/31/2021,-24.18478261,43.07608696,-22.23913043,22.69565217,-13.32608696,14.2173913,Nagpur
332,10/31/2021,-9.956521739,34.68478261,1.923913043,-4.304347826,-2.391304348,16.5326087,Nanded
333,10/31/2021,3.891304348,19.08695652,2.869565217,-9.25,0.782608696,10.7826087,Nandurbar
334,10/31/2021,-13.56521739,36.70652174,-22.01086957,4.065217391,-10.39130435,16.82608696,Nashik
335,10/31/2021,-4.206521739,84.61956522,22.23913043,36.80434783,-7.065217391,13.38043478,Osmanabad
336,10/31/2021,-23.15217391,63.80434783,-4.434782609,-13.01086957,-16.91304348,13.86956522,Palghar
337,10/31/2021,-14.92391304,94.66304348,-10.66304348,-0.25,-10.77173913,14.31521739,Parbhani
338,10/31/2021,-29.76086957,10.40217391,-31.58695652,-5.641304348,-26.07608696,13.88043478,Pune
339,10/31/2021,-15.25,43.42391304,-5.891304348,-18.54347826,-13.61956522,11.76086957,Raigad
340,10/31/2021,-3.065217391,56.40217391,45.56521739,-4.108695652,-7.086956522,14.81521739,Ratnagiri
341,10/31/2021,-5.619565217,44.51086957,-3.108695652,17.58695652,0.065217391,14.72826087,Sangli
342,10/31/2021,-7.543478261,56.06521739,32.64130435,13.61956522,3.402173913,19.07608696,Satara
343,10/31/2021,7.760869565,68.61956522,21.94565217,-1.489130435,3.304347826,14.73913043,Sindhudurg
344,10/31/2021,-10.73913043,38.45652174,13.20652174,3.684782609,0.315217391,16.39130435,Solapur
345,10/31/2021,-28.38043478,33.90217391,-33.18478261,-15.59782609,-23.68478261,11.66304348,Thane
346,10/31/2021,-12.55434783,11.2826087,-21.51086957,-29.2173913,-12.31521739,15.72826087,Wardha
347,10/31/2021,-23.35869565,100.3369565,66.67391304,17.67391304,-4.510869565,12.5326087,Washim
348,10/31/2021,-10.26086957,79.94565217,12.75,7.630434783,-6.630434783,13.90217391,Yavatmal
349,10/31/2021,-27.70652174,1.510869565,2.760869565,-22.83333333,-31.59782609,13.83695652,Bishnupur
350,10/31/2021,,,-32.79347826,,-34.98913043,,Chandel
351,10/31/2021,-1.184782609,79.0625,136.8804348,-61.65217391,-12.43478261,14.2826087,Churachandpur
352,10/31/2021,-21.30434783,24.2826087,-10.81521739,28.17391304,-28.02173913,15.27173913,Imphal East
353,10/31/2021,-45.44565217,-34.42391304,20.86956522,2.282608696,-32.72826087,14.45652174,Imphal West
354,10/31/2021,-42.68478261,,-0.782608696,,-21.44565217,13.7826087,Senapati
355,10/31/2021,,,-38.83695652,,-14.57608696,,Tamenglong
356,10/31/2021,-11.97826087,-32.48913043,-14.57608696,-26.52173913,-23.98913043,11.16304348,Thoubal
357,10/31/2021,-55.0,,,,-19.47826087,,Ukhrul
358,10/31/2021,,,,-52.0,-9.119565217,,East Garo Hills
359,10/31/2021,-36.4,,-52.7173913,,-15.16304348,,East Jaintia Hills
360,10/31/2021,-16.92391304,-23.90217391,-8.358695652,16.81521739,-14.05434783,17.47826087,East Khasi Hills
361,10/31/2021,,,7.97826087,-19.25274725,-34.67391304,,North Garo Hills
362,10/31/2021,-33.2375,,-9.97826087,-19.48351648,-24.08695652,,Ri-Bhoi
363,10/31/2021,,,30.34782609,,,,South Garo Hills
364,10/31/2021,-25.89130435,-9.652173913,58.29347826,-7.206521739,-2.27173913,13.9673913,West Garo Hills
365,10/31/2021,-17.09782609,,25.76623377,,-17.32608696,7.125,West Jaintia Hills
366,10/31/2021,,,-2.25,-50.0,-20.86956522,,West Khasi Hills
367,10/31/2021,-45.65217391,-14.25,-13.34782609,-25.92391304,-42.0,10.72826087,Aizawl
368,10/31/2021,,,,,-35.61956522,9.723076923,Champhai
369,10/31/2021,-44.4375,,,-55.84,-39.40217391,8.391304348,Kolasib
370,10/31/2021,,,,,-28.94565217,,Lawngtlai
371,10/31/2021,-45.55,,-48.26086957,,-39.98913043,13.81521739,Lunglei
372,10/31/2021,,,,-29.0,-33.54347826,,Mamit
373,10/31/2021,,,,,-42.01086957,,Saiha
374,10/31/2021,,,-45.0,,-38.13043478,,Serchhip
375,10/31/2021,-18.69565217,-28.51086957,-2.423913043,21.58695652,-25.15217391,12.15217391,Dimapur
376,10/31/2021,-36.83695652,-29.1625,-36.22826087,2.902173913,-18.4673913,16.05434783,Kohima
377,10/31/2021,-32.86956522,,-42.05434783,-23.51086957,-33.41304348,10.73809524,Mokokchung
378,10/31/2021,,,,,-25.84782609,,Mon
379,10/31/2021,,,,,-35.92134831,,Peren
380,10/31/2021,,,,,-31.27173913,,Phek
381,10/31/2021,,,,,-21.68478261,,Tuensang
382,10/31/2021,,,,,-23.18478261,,Wokha
383,10/31/2021,,,,,-37.77173913,,Zunheboto
384,10/31/2021,-9.956521739,8.239130435,13.76086957,0.065217391,-4.326086957,12.51086957,Angul
385,10/31/2021,1.173913043,22.86956522,36.07608696,-7.260869565,-2.967391304,13.20652174,Balangir
386,10/31/2021,-4.858695652,44.79347826,45.04347826,-12.14130435,-2.423913043,14.95652174,Balasore
387,10/31/2021,-12.68478261,16.91304348,61.68478261,9.543478261,-2.77173913,12.33695652,Bargarh
388,10/31/2021,-0.391304348,1.989130435,79.61956522,-0.304347826,-1.152173913,15.15217391,Bhadrak
389,10/31/2021,,,-48.0,,-3.195652174,9.574468085,Boudh
390,10/31/2021,-14.0326087,17.39130435,-4.836956522,-32.44565217,-11.93478261,14.35869565,Cuttack
391,10/31/2021,-21.57142857,,29.64130435,-15.86956522,-13.19565217,,Deogarh
392,10/31/2021,-15.76086957,26.80434783,13.38043478,-18.41304348,-12.30434783,14.51086957,Dhenkanal
393,10/31/2021,-5.945652174,39.0,54.66304348,10.41304348,-14.36956522,13.23913043,Gajapati
394,10/31/2021,-13.95652174,16.10869565,25.01086957,-0.739130435,-2.576086957,15.84782609,Ganjam
395,10/31/2021,-0.717391304,22.30434783,15.23913043,7.47826087,-5.652173913,10.15217391,Jagatsinghpur
396,10/31/2021,-4.815217391,14.82608696,26.13043478,-4.27173913,-2.826086957,14.77173913,Jajpur
397,10/31/2021,-8.804347826,42.55434783,-8.184782609,-11.25,-1.869565217,9.77173913,Jharsuguda
398,10/31/2021,22.44565217,33.95652174,7.282608696,12.4673913,-7.423913043,12.76086957,Kalahandi
399,10/31/2021,19.18478261,49.25,-29.79347826,41.07608696,-4.554347826,2.760869565,Kandhamal
400,10/31/2021,13.42391304,31.39130435,18.94565217,4.380434783,5.532608696,11.20652174,Kendrapara
401,10/31/2021,-12.86956522,6.097826087,30.95652174,16.56521739,-6.619565217,10.7826087,Kendujhar
402,10/31/2021,-23.55434783,12.33695652,-21.73913043,-45.70652174,-21.06521739,15.95652174,Khordha
403,10/31/2021,-5.152173913,80.36956522,6.565217391,2.032608696,-2.760869565,10.08695652,Koraput
404,10/31/2021,34.5,,23.76923077,51.08695652,7.619565217,9.21978022,Malkangiri
405,10/31/2021,-1.065217391,33.79347826,24.90217391,10.60869565,-6.173913043,13.29347826,Mayurbhanj
406,10/31/2021,-0.858695652,17.43333333,33.1978022,25.47826087,-3.630434783,11.7173913,Nabarangpur
407,10/31/2021,4.25,66.09782609,-25.67391304,-35.2173913,-8.934782609,12.79347826,Nayagarh
408,10/31/2021,-4.586956522,36.13793103,9.445652174,30.5,-14.25,15.94565217,Nuapada
409,10/31/2021,9.358695652,31.83695652,18.14130435,-15.45652174,-9.869565217,21.09782609,Puri
410,10/31/2021,0.467391304,25.45652174,78.2826087,-2.815217391,-15.23913043,11.2173913,Rayagada
411,10/31/2021,-13.56521739,37.66304348,10.97826087,-10.7173913,-6.282608696,12.08695652,Sambalpur
412,10/31/2021,7.02173913,75.0,28.72826087,13.14130435,-8.793478261,12.85869565,Subarnapur
413,10/31/2021,-6.195652174,22.82608696,12.97826087,-6.217391304,-2.597826087,10.90217391,Sundargarh
414,10/31/2021,2.010869565,84.52173913,3.347826087,-3.086956522,-1.989130435,6.217391304,Karaikal
415,10/31/2021,-8.510869565,22.10869565,17.29347826,1.391304348,-13.77173913,11.5326087,Pondicherry
416,10/31/2021,-14.42391304,32.26086957,-29.19565217,-23.32608696,-9.75,3.576086957,Amritsar
417,10/31/2021,-2.217391304,8.195652174,8.043478261,2.347826087,-2.967391304,2.608695652,Barnala
418,10/31/2021,-6.695652174,30.09782609,-15.73913043,-8.293478261,-8.652173913,2.663043478,Bathinda
419,10/31/2021,-0.510869565,19.38043478,16.79347826,-12.29347826,-6.934782609,1.336956522,Faridkot
420,10/31/2021,-3.076086957,2.858695652,4.608695652,5.02173913,-9.304347826,2.217391304,Fatehgarh Sahib
421,10/31/2021,-8.130434783,12.25,2.880434783,-5.163043478,-15.79347826,1.77173913,Fazilka
422,10/31/2021,-12.85869565,73.51086957,-34.77173913,0.630434783,-3.869565217,5.02173913,Ferozepur
423,10/31/2021,-8.630434783,36.35869565,-5.119565217,-2.673913043,-12.14130435,4.945652174,Gurdaspur
424,10/31/2021,-2.163043478,42.31521739,-17.25,-7.163043478,-9.260869565,1.586956522,Hoshiarpur
425,10/31/2021,-9.836956522,19.81521739,-16.16304348,-17.80434783,-14.07608696,2.804347826,Jalandhar
426,10/31/2021,-23.2173913,8.456521739,-4.467391304,-28.02173913,-39.0,2.967391304,Kapurthala
427,10/31/2021,-6.913043478,22.34782609,-20.76086957,-13.85869565,-6.380434783,1.858695652,Ludhiana
428,10/31/2021,-3.065217391,87.7173913,-1.434782609,-5.77173913,-5.804347826,3.27173913,Mansa
429,10/31/2021,-12.26086957,-7.402173913,-3.5,-8.891304348,-7.782608696,1.065217391,Moga
430,10/31/2021,-18.98913043,74.16304348,-4.554347826,-13.59782609,-14.39130435,5.5,Pathankot
431,10/31/2021,-8.27173913,18.07608696,-1.206521739,-2.108695652,-8.293478261,3.641304348,Patiala
432,10/31/2021,-7.445652174,62.29347826,23.97826087,-18.42391304,-8.608695652,6.619565217,Rupnagar
433,10/31/2021,-15.26086957,30.69565217,-19.82608696,-5.336956522,-12.16304348,7.032608696,Sahibzada Ajit Singh Nagar
434,10/31/2021,-11.0326087,47.56521739,6.858695652,-12.72826087,-16.22826087,2.02173913,Sangrur
435,10/31/2021,-8.652173913,51.34782609,-11.29347826,-23.44565217,-5.717391304,-1.130434783,Shaheed Bhagat Singh Nagar
436,10/31/2021,-16.73913043,12.61956522,-0.260869565,10.2826087,-11.61956522,2.293478261,Sri Muktsar Sahib
437,10/31/2021,-3.108695652,72.5,-63.97826087,-28.56521739,-12.97826087,3.760869565,Tarn Taran
438,10/31/2021,1.565217391,40.39130435,4.858695652,6.717391304,-5.543478261,10.51086957,Ajmer
439,10/31/2021,-9.076086957,24.01086957,2.032608696,-4.739130435,-1.619565217,13.26086957,Alwar
440,10/31/2021,-0.315217391,49.59782609,14.33695652,1.576086957,0.902173913,12.42391304,Banswara
441,10/31/2021,12.29347826,18.41304348,2.945652174,-6.902173913,3.956521739,8.934782609,Baran
442,10/31/2021,4.358695652,17.01086957,-15.75,10.98913043,-3.576086957,10.81521739,Barmer
443,10/31/2021,7.217391304,73.55434783,-8.836956522,0.423913043,-4.315217391,14.72826087,Bharatpur
444,10/31/2021,-7.22826087,59.82608696,19.23913043,21.01086957,-3.27173913,11.82608696,Bhilwara
445,10/31/2021,-11.15217391,37.26086957,-0.858695652,0.608695652,-7.945652174,7.02173913,Bikaner
446,10/31/2021,19.30434783,65.95652174,6.967391304,13.33695652,-5.445652174,13.16304348,Bundi
447,10/31/2021,5.913043478,82.55434783,-5.956521739,16.90217391,1.826086957,13.20652174,Chittaurgarh
448,10/31/2021,-9.130434783,45.52173913,1.543478261,3.923913043,-7.25,5.260869565,Churu
449,10/31/2021,-14.05434783,26.07608696,11.59782609,13.20652174,-7.5,14.41304348,Dausa
450,10/31/2021,1.130434783,32.36956522,30.40217391,-6.391304348,1.532608696,13.92391304,Dhaulpur
451,10/31/2021,13.20652174,52.30434783,30.97826087,45.48913043,-7.065217391,11.20652174,Dungarpur
452,10/31/2021,-1.72826087,32.0326087,1.108695652,19.52173913,-9.554347826,6.945652174,Hanumangarh
453,10/31/2021,-17.95652174,23.33695652,-19.97826087,6.97826087,-12.83695652,10.18478261,Jaipur
454,10/31/2021,0.206521739,42.25,-16.94565217,52.45652174,-13.65217391,10.15217391,Jaisalmer
455,10/31/2021,5.108695652,32.27173913,22.66304348,22.07608696,-5.347826087,7.760869565,Jalore
456,10/31/2021,27.45652174,95.72826087,44.91304348,17.54347826,3.97826087,14.30434783,Jhalawar
457,10/31/2021,-6.413043478,69.58695652,-24.09782609,18.85869565,-9.804347826,10.36956522,Jhunjhunu
458,10/31/2021,-9.423913043,10.67391304,2.391304348,20.33695652,-8.989130435,8.858695652,Jodhpur
459,10/31/2021,-2.510869565,36.54347826,24.25,14.08695652,-16.91304348,13.35869565,Karauli
460,10/31/2021,-23.85869565,32.38043478,-32.59782609,1.130434783,-13.40217391,13.73913043,Kota
461,10/31/2021,7.076086957,42.76086957,-1.206521739,0.565217391,-0.108695652,6.076086957,Nagaur
462,10/31/2021,5.413043478,6.652173913,-2.72826087,16.60869565,-3.815217391,7.043478261,Pali
463,10/31/2021,24.29347826,54.80681818,5.097826087,25.80434783,-17.04347826,9.706521739,Pratapgarh
464,10/31/2021,6.663043478,36.19565217,15.4673913,3.086956522,0.010869565,8.717391304,Rajsamand
465,10/31/2021,-15.31521739,20.06521739,-6.217391304,3.880434783,-4.260869565,14.5,Sawai Madhopur
466,10/31/2021,-5.5,35.56521739,-11.75,10.79347826,-7.880434783,13.39130435,Sikar
467,10/31/2021,5.945652174,62.86956522,19.0,4.108695652,-5.847826087,8.445652174,Sirohi
468,10/31/2021,-13.97826087,35.32608696,-21.60869565,9.923913043,-12.43478261,9.989130435,Sri Ganganagar
469,10/31/2021,-0.206521739,35.72826087,-4.967391304,14.58695652,-15.85869565,12.94565217,Tonk
470,10/31/2021,-8.891304348,27.42391304,-5.75,14.42391304,-5.0,11.82608696,Udaipur
471,10/31/2021,22.01086957,15.5,-32.76086957,-3.22826087,-3.47826087,15.51086957,East Sikkim
472,10/31/2021,,,24.70238095,,-25.5,,North Sikkim
473,10/31/2021,-9.391304348,,17.56521739,-54.07352941,1.445652174,14.84782609,South Sikkim
474,10/31/2021,-19.7173913,19.2,-49.90217391,,-7.815217391,,West Sikkim
475,10/31/2021,12.85869565,87.18478261,52.13043478,17.79347826,8.489130435,10.80434783,Ariyalur
476,10/31/2021,-27.7173913,18.27173913,-30.9673913,-20.35869565,-30.58695652,11.14130435,Chennai
477,10/31/2021,-15.15217391,37.44565217,-15.32608696,-9.413043478,-14.80434783,13.0326087,Coimbatore
478,10/31/2021,6.152173913,76.32608696,47.34782609,8.782608696,5.423913043,12.65217391,Cuddalore
479,10/31/2021,7.25,46.41304348,-3.576086957,-0.97826087,1.77173913,12.77173913,Dharmapuri
480,10/31/2021,10.11956522,79.7826087,16.93478261,9.293478261,2.391304348,11.97826087,Dindigul
481,10/31/2021,0.760869565,41.88043478,-1.086956522,4.858695652,0.195652174,12.13043478,Erode
482,10/31/2021,-22.52173913,24.56521739,-28.44565217,-13.86956522,-23.7826087,12.33695652,Kanchipuram
483,10/31/2021,1.695652174,75.75,-11.86956522,9.489130435,8.206521739,10.81521739,Kanyakumari
484,10/31/2021,6.304347826,34.30434783,10.44565217,6.663043478,2.163043478,10.67391304,Karur
485,10/31/2021,8.467391304,32.60869565,-25.38043478,2.880434783,2.532608696,12.75,Krishnagiri
486,10/31/2021,-4.510869565,42.66304348,7.336956522,17.40217391,-6.239130435,10.7826087,Madurai
487,10/31/2021,4.032608696,134.8913043,75.9673913,0.858695652,-1.108695652,11.32608696,Nagapattinam
488,10/31/2021,4.336956522,76.80434783,-3.434782609,-4.217391304,-3.065217391,10.84782609,Namakkal
489,10/31/2021,-14.09782609,53.19565217,-22.11956522,15.83695652,3.652173913,14.31521739,Nilgiris
490,10/31/2021,0.119565217,54.0,35.15217391,17.09782609,-1.293478261,10.9673913,Perambalur
491,10/31/2021,-1.760869565,52.97826087,37.52173913,8.315217391,5.880434783,11.11956522,Pudukkottai
492,10/31/2021,6.130434783,90.07608696,-7.02173913,4.010869565,-3.630434783,10.29347826,Ramanathapuram
493,10/31/2021,-1.815217391,54.11956522,39.9673913,2.141304348,-1.717391304,11.58695652,Salem
494,10/31/2021,4.413043478,131.6195652,25.48913043,-6.815217391,-0.641304348,11.38043478,Sivaganga
495,10/31/2021,0.913043478,54.34782609,11.01086957,9.336956522,4.304347826,12.61956522,Thanjavur
496,10/31/2021,-11.75,44.38043478,34.42391304,27.59782609,7.217391304,8.913043478,Theni
497,10/31/2021,12.44565217,81.10869565,66.14130435,9.554347826,4.543478261,10.73913043,Thiruvarur
498,10/31/2021,15.19565217,45.36956522,19.40217391,15.30434783,1.869565217,10.01086957,Thoothukudi
499,10/31/2021,-6.760869565,12.7826087,-10.47826087,6.739130435,-7.380434783,12.2173913,Tiruchirappalli
500,10/31/2021,15.95652174,120.7065217,13.88043478,10.97826087,5.576086957,9.336956522,Tirunelveli
501,10/31/2021,3.282608696,56.67391304,61.54347826,25.9673913,1.445652174,10.0,Tiruppur
502,10/31/2021,-20.29347826,30.91304348,-25.30434783,-5.0,-15.56521739,12.29347826,Tiruvallur
503,10/31/2021,0.934782609,95.02173913,63.45652174,10.84782609,0.010869565,13.25,Tiruvannamalai
504,10/31/2021,-5.434782609,37.32608696,15.06521739,-6.532608696,-11.56521739,11.02173913,Vellore
505,10/31/2021,1.326086957,71.72826087,9.52173913,13.56521739,7.543478261,12.55434783,Villupuram
506,10/31/2021,11.2826087,62.08695652,48.43478261,13.02173913,0.923913043,10.61956522,Virudhunagar
507,10/31/2021,2.434782609,33.95652174,-7.47826087,5.945652174,-4.282608696,9.304347826,Adilabad
508,10/31/2021,-21.09782609,15.29347826,-30.10869565,-8.195652174,-26.26086957,7.739130435,Hyderabad
509,10/31/2021,-2.554347826,41.31521739,13.98913043,5.793478261,-1.989130435,8.510869565,Karimnagar
510,10/31/2021,-8.358695652,28.19565217,18.97826087,1.804347826,-6.934782609,9.358695652,Khammam
511,10/31/2021,-4.282608696,78.82608696,2.836956522,-4.456521739,-7.913043478,10.30434783,Mahabubnagar
512,10/31/2021,-3.076086957,36.93478261,-8.02173913,10.40217391,-11.76086957,11.0326087,Medak
513,10/31/2021,1.260869565,42.64130435,17.02173913,-0.826086957,-3.554347826,8.760869565,Nalgonda
514,10/31/2021,1.423913043,74.45652174,38.30434783,12.01086957,-3.47826087,8.989130435,Nizamabad
515,10/31/2021,-23.38043478,28.26086957,-27.20652174,-0.065217391,-25.58695652,10.66304348,Ranga Reddy
516,10/31/2021,-10.86956522,70.35869565,-8.304347826,-3.77173913,-6.086956522,10.5326087,Warangal
517,10/31/2021,-18.97802198,,-6.989130435,18.22826087,-15.60869565,5.815217391,Dhalai
518,10/31/2021,-7.065217391,20.90217391,36.75,26.5,-5.489130435,10.34782609,Gomati
519,10/31/2021,-28.53246753,,-34.5,-23.7173913,-16.73913043,6.394736842,Khowai
520,10/31/2021,-15.63043478,24.2173913,34.31521739,-15.17391304,2.347826087,10.38043478,North Tripura
521,10/31/2021,-20.75,15.65217391,34.97826087,17.32608696,-7.076086957,8.597826087,Sipahijala
522,10/31/2021,0.619565217,39.07954545,86.23076923,56.44186047,-17.02173913,9.347826087,South Tripura
523,10/31/2021,-43.0,,-22.45652174,63.63736264,0.141304348,6.037037037,Unakoti
524,10/31/2021,-7.97826087,26.16304348,12.57608696,-27.26086957,-12.47826087,11.34782609,West Tripura
525,10/31/2021,-11.23913043,26.13043478,-22.77173913,4.076086957,-7.576086957,9.793478261,Agra
526,10/31/2021,-3.010869565,34.79347826,21.41304348,-7.141304348,-9.565217391,9.304347826,Aligarh
527,10/31/2021,11.91304348,76.54347826,-12.83695652,48.77173913,0.967391304,8.97826087,Ambedkar Nagar
528,10/31/2021,0.760869565,47.9673913,7.173913043,15.65217391,-6.75,8.684782609,Amethi
529,10/31/2021,3.380434783,118.2065217,40.89130435,18.42391304,-0.456521739,6.663043478,Amroha
530,10/31/2021,-6.793478261,20.25,34.79347826,20.67391304,-1.902173913,10.05434783,Auraiya
531,10/31/2021,15.82608696,60.82608696,54.19565217,46.31521739,4.25,12.82608696,Azamgarh
532,10/31/2021,0.760869565,53.42391304,25.86956522,40.42391304,4.489130435,7.695652174,Badaun
533,10/31/2021,28.65217391,155.7173913,38.83695652,-27.91304348,-13.42391304,4.293478261,Bagpat
534,10/31/2021,1.630434783,67.48913043,56.60869565,15.70652174,-4.902173913,8.108695652,Bahraich
535,10/31/2021,6.217391304,72.15217391,107.2282609,3.652173913,1.543478261,12.75,Ballia
536,10/31/2021,6.25,73.97826087,-14.17391304,38.29347826,-3.586956522,11.0326087,Balrampur
537,10/31/2021,7.402173913,135.5326087,58.13043478,3.77173913,1.804347826,10.81521739,Banda
538,10/31/2021,14.4673913,68.20652174,20.68478261,-20.11956522,-7.358695652,11.13043478,Barabanki
539,10/31/2021,2.706521739,63.55434783,9.195652174,-11.23913043,-1.804347826,10.57608696,Bareilly
540,10/31/2021,18.86956522,57.65217391,27.02173913,12.10869565,2.673913043,12.84782609,Basti
541,10/31/2021,10.59782609,69.69565217,31.27173913,0.380434783,-4.141304348,5.891304348,Bijnor
542,10/31/2021,9.652173913,55.56521739,6.336956522,6.010869565,-5.282608696,10.36956522,Bulandshahar
543,10/31/2021,0.739130435,31.34782609,234.6304348,16.9673913,15.01086957,16.34782609,Chandauli
544,10/31/2021,35.3956044,67.14285714,30.07692308,61.92391304,0.086956522,13.34782609,Chitrakoot
545,10/31/2021,10.88043478,35.27173913,21.38043478,13.67391304,0.77173913,11.92391304,Deoria
546,10/31/2021,3.717391304,64.77173913,30.48913043,5.010869565,-13.82608696,10.90217391,Etah
547,10/31/2021,4.619565217,7.076086957,12.94565217,-5.608695652,-0.445652174,12.88043478,Etawah
548,10/31/2021,15.51086957,82.16304348,3.467391304,33.55434783,-0.423913043,12.81521739,Faizabad
549,10/31/2021,9.173913043,44.2826087,3.934782609,7.554347826,-15.39130435,11.43478261,Farrukhabad
550,10/31/2021,2.445652174,65.22826087,62.15217391,-1.217391304,-6.413043478,13.76086957,Fatehpur
551,10/31/2021,-0.010869565,64.76086957,61.22826087,35.90217391,-1.369565217,8.739130435,Firozabad
552,10/31/2021,-20.73913043,18.7173913,-9.934782609,-17.89130435,-23.70652174,9.97826087,Gautam Buddh Nagar
553,10/31/2021,-15.65217391,31.20652174,-27.23913043,-11.25,-18.4673913,8.532608696,Ghaziabad
554,10/31/2021,9.695652174,78.20652174,33.25,17.92391304,1.25,12.91304348,Ghazipur
555,10/31/2021,1.75,39.55434783,9.565217391,-4.456521739,-10.51086957,12.23913043,Gonda
556,10/31/2021,0.413043478,55.7173913,3.152173913,14.63043478,2.72826087,11.73913043,Gorakhpur
557,10/31/2021,7.880434783,63.70886076,13.90217391,-11.10869565,-5.597826087,7.673913043,Hamirpur
558,10/31/2021,9.032608696,103.6956522,-6.456521739,-16.7173913,-4.695652174,8.652173913,Hapur
559,10/31/2021,6.608695652,40.19565217,18.70652174,-5.010869565,-7.163043478,10.89130435,Hardoi
560,10/31/2021,12.0,45.08695652,53.65217391,11.5326087,-10.47826087,9.869565217,Hathras
561,10/31/2021,-4.826086957,100.5869565,63.20652174,16.41304348,4.423913043,12.30434783,Jalaun
562,10/31/2021,13.90217391,82.86956522,44.88043478,15.26086957,11.80434783,14.20652174,Jaunpur
563,10/31/2021,-18.08695652,52.65217391,6.641304348,20.5326087,-3.358695652,13.4673913,Jhansi
564,10/31/2021,-4.163043478,65.91304348,16.93333333,24.31521739,-3.489130435,10.81521739,Kannauj
565,10/31/2021,-12.7173913,21.26086957,32.43478261,16.77173913,3.22826087,12.07608696,Kanpur Dehat
566,10/31/2021,-7.043478261,8.239130435,-16.91304348,8.597826087,-3.77173913,9.543478261,Kanpur Nagar
567,10/31/2021,0.184782609,64.5,24.45652174,-21.82608696,-5.184782609,6.880434783,Kanshi Ram Nagar
568,10/31/2021,-3.869565217,74.72826087,-44.0,-13.7173913,0.130434783,13.04347826,Kaushambi
569,10/31/2021,26.76086957,81.08695652,44.88043478,18.84782609,7.934782609,8.989130435,Kushinagar
570,10/31/2021,1.163043478,33.7826087,79.51086957,3.108695652,-4.326086957,11.40217391,Lakhimpur Kheri
571,10/31/2021,18.57608696,45.9673913,-38.05434783,18.4673913,-2.565217391,12.06521739,Lalitpur
572,10/31/2021,-15.20652174,43.48913043,-13.2173913,9.434782609,-9.141304348,9.456521739,Lucknow
573,10/31/2021,18.63043478,71.64130435,41.13043478,20.94565217,14.85869565,9.402173913,Maharajganj
574,10/31/2021,12.58695652,44.0877193,96.2826087,0.152173913,-2.097826087,6.673913043,Mahoba
575,10/31/2021,5.72826087,97.51086957,5.097826087,23.07608696,-3.010869565,10.29347826,Mainpuri
576,10/31/2021,12.2826087,105.75,10.98913043,40.11956522,-6.934782609,12.7826087,Mathura
577,10/31/2021,18.76086957,57.2826087,73.13043478,20.55434783,8.902173913,10.97826087,Mau
578,10/31/2021,-1.652173913,59.02173913,-12.7826087,0.804347826,-2.163043478,7.684782609,Meerut
579,10/31/2021,3.760869565,72.7826087,41.01086957,5.510869565,2.119565217,15.09782609,Mirzapur
580,10/31/2021,-0.880434783,132.9891304,-29.9673913,-2.597826087,-3.413043478,6.597826087,Moradabad
581,10/31/2021,3.760869565,50.2173913,19.42391304,3.815217391,-4.826086957,6.804347826,Muzaffarnagar
582,10/31/2021,3.913043478,55.76086957,29.89130435,2.27173913,-10.16304348,9.608695652,Pilibhit
583,10/31/2021,22.83695652,77.05434783,99.57608696,21.59782609,5.413043478,12.27173913,Pratapgarh
584,10/31/2021,-15.66304348,66.48913043,-7.934782609,-0.108695652,-6.608695652,14.77173913,Prayagraj
585,10/31/2021,6.706521739,66.61956522,1.815217391,4.869565217,-2.27173913,13.44565217,Rae Bareli
586,10/31/2021,1.434782609,78.25,1.989130435,14.20652174,-2.760869565,8.347826087,Rampur
587,10/31/2021,-2.097826087,33.52173913,13.0326087,12.18478261,-0.326086957,7.119565217,Saharanpur
588,10/31/2021,5.902173913,95.44565217,3.826086957,2.945652174,8.032608696,5.989130435,Sambhal
589,10/31/2021,13.81521739,28.86956522,-3.02173913,37.59782609,10.07608696,6.206521739,Sant Kabir Nagar
590,10/31/2021,8.217391304,69.79347826,97.60869565,24.91304348,5.630434783,8.804347826,Sant Ravidas Nagar
591,10/31/2021,9.913043478,64.52173913,38.29347826,-6.880434783,-9.673913043,10.19565217,Shahjahanpur
592,10/31/2021,9.77173913,68.72826087,95.14285714,-6.434782609,-0.804347826,5.77173913,Shamli
593,10/31/2021,-0.673913043,19.79347826,-57.58208955,-13.98913043,-12.57608696,10.18478261,Shrawasti
594,10/31/2021,3.543478261,78.91304348,48.92391304,31.44565217,-4.706521739,8.673913043,Siddharthnagar
595,10/31/2021,5.586956522,60.84782609,46.22826087,-14.59782609,-1.25,10.57608696,Sitapur
596,10/31/2021,-6.119565217,54.27173913,-5.847826087,35.54347826,4.489130435,11.29347826,Sonbhadra
597,10/31/2021,28.19565217,52.0326087,41.68478261,-19.85869565,7.934782609,14.33695652,Sultanpur
598,10/31/2021,3.032608696,87.65217391,0.282608696,-19.47826087,-6.967391304,12.57608696,Unnao
599,10/31/2021,-7.630434783,38.83695652,-5.293478261,8.119565217,-3.72826087,10.01086957,Varanasi
600,10/31/2021,35.22826087,36.96226415,32.93478261,33.69565217,24.95652174,17.0326087,Almora
601,10/31/2021,3.833333333,,15.64130435,,-3.815217391,10.1,Bageshwar
602,10/31/2021,3.869565217,-5.773584906,10.60869565,43.5326087,-15.93478261,11.41304348,Chamoli
603,10/31/2021,16.5326087,,,35.2826087,1.684782609,7.891304348,Champawat
604,10/31/2021,4.086956522,34.81521739,1.076086957,53.34782609,-4.065217391,11.01086957,Dehradun
605,10/31/2021,-4.130434783,62.75,-11.10869565,30.2826087,-1.141304348,7.467391304,Haridwar
606,10/31/2021,15.68478261,51.23913043,20.26086957,46.72826087,9.554347826,12.18478261,Nainital
607,10/31/2021,41.0326087,25.58695652,13.06521739,-7.326086957,3.141304348,8.152173913,Pauri Garhwal
608,10/31/2021,36.05434783,,-13.01086957,-1.956521739,3.673913043,8.652173913,Pithoragarh
609,10/31/2021,1.977777778,,74.7173913,86.12222222,-19.06521739,16.33333333,Rudraprayag
610,10/31/2021,25.22826087,,74.18478261,98.09333333,18.36956522,13.51086957,Tehri Garhwal
611,10/31/2021,0.913043478,69.25,17.41304348,13.57608696,-2.02173913,4.847826087,Udham Singh Nagar
612,10/31/2021,0.938461538,,60.51086957,51.0,-1.945652174,12.70652174,Uttarkashi
613,10/31/2021,5.945652174,54.88043478,-1.77173913,-6.173913043,-0.217391304,12.32608696,Alipurduar
614,10/31/2021,2.282608696,71.68478261,29.31521739,7.260869565,-1.858695652,11.7173913,Bankura
615,10/31/2021,0.923913043,29.59782609,2.163043478,-1.72826087,-3.934782609,10.93478261,Bardhaman
616,10/31/2021,-10.67391304,36.06521739,6.47826087,-14.14130435,-16.31521739,11.85869565,Birbhum
617,10/31/2021,-8.52173913,34.36956522,3.989130435,6.347826087,-6.206521739,15.07608696,Cooch Behar
618,10/31/2021,-7.097826087,17.13043478,-13.47826087,8.184782609,-14.44565217,11.18478261,Dakshin Dinajpur
619,10/31/2021,-5.5,12.97826087,10.39130435,-20.0,-10.57608696,12.4673913,Darjeeling
620,10/31/2021,-6.445652174,38.36956522,18.51086957,-9.173913043,-13.15217391,11.63043478,Hooghly
621,10/31/2021,-18.35869565,23.66304348,-29.79347826,-14.7173913,-14.14130435,9.434782609,Howrah
622,10/31/2021,-16.18478261,24.33695652,8.760869565,-0.27173913,-4.869565217,11.70652174,Jalpaiguri
623,10/31/2021,-27.54347826,-2.402173913,-41.56521739,-15.05434783,-23.63043478,10.16304348,Kolkata
624,10/31/2021,0.52173913,13.63043478,22.69565217,22.31521739,-5.326086957,8.108695652,Malda
625,10/31/2021,-2.326086957,48.19565217,20.2826087,8.097826087,-10.60869565,7.445652174,Murshidabad
626,10/31/2021,-2.804347826,35.0,-2.510869565,5.717391304,-7.967391304,8.77173913,Nadia
